BirdID,Experiment,Trial,Correct,,,
KM-RY,Colour assoc.,Probe,N,,,
KM-RY,Colour assoc.,1,N,,,
KM-RY,Colour assoc.,2,Y,,,
KM-RY,Colour assoc.,3,N,,,
KM-RY,Colour assoc.,4,Y,,,
KM-RY,Colour assoc.,5,Y,,,
KM-RY,Colour assoc.,6,N,,,
KM-RY,Colour assoc.,7,N,,,
KM-RY,Colour assoc.,8,Y,,,
KM-RY,Colour assoc.,9,N,,,
KM-RY,Colour assoc.,10,N,,,
KM-RY,Colour assoc.,11,Y,,,
KM-RY,Colour assoc.,12,N,,,
KM-RY,Colour assoc.,13,N,,,
KM-RY,Colour assoc.,14,Y,,,
KM-RY,Colour assoc.,15,N,,,
KM-RY,Colour assoc.,16,N,,,
KM-RY,Colour assoc.,17,N,,,
KM-RY,Colour assoc.,18,N,,,
KM-RY,Colour assoc.,19,N,,,
KM-RY,Colour assoc.,20,Y,,,
KM-RY,Colour assoc.,21,N,,,
KM-RY,Colour assoc.,22,N,,,
KM-RY,Colour assoc.,23,Y,,,
KM-RY,Colour assoc.,24,Y,,,
KM-RY,Colour assoc.,25,Y,,,
KM-RY,Colour assoc.,26,N,,,
KM-RY,Colour assoc.,27,Y,,,
KM-RY,Colour assoc.,28,N,,,
KM-RY,Colour assoc.,29,N,,,
KM-RY,Colour assoc.,30,Y,,,
KM-RY,Colour assoc.,31,Y,,,
KM-RY,Colour assoc.,32,N,,,
KM-RY,Colour assoc.,33,Y,,,
KM-RY,Colour assoc.,34,N,,,
KM-RY,Colour assoc.,35,Y,,,
KM-RY,Colour assoc.,36,Y,,,
KM-RY,Colour assoc.,37,Y,,,
KM-RY,Colour assoc.,38,Y,,,
KM-RY,Colour assoc.,39,Y,,,
KM-RY,Colour assoc.,40,N,,,
KM-RY,Colour assoc.,41,Y,,,
KM-RY,Colour assoc.,42,Y,,,
KM-RY,Colour assoc.,43,Y,,,
KM-RY,Colour assoc.,44,Y,,,
KM-RY,Colour reversal,Probe,Y,,,
KM-RY,Colour reversal,1,N,,,
KM-RY,Colour reversal,2,N,,,
KM-RY,Colour reversal,3,N,,,
KM-RY,Colour reversal,4,N,,,
KM-RY,Colour reversal,5,N,,,
KM-RY,Colour reversal,6,N,,,
KM-RY,Colour reversal,7,Y,,,
KM-RY,Colour reversal,8,Y,,,
KM-RY,Colour reversal,9,Y,,,
KM-RY,Colour reversal,10,N,,,
KM-RY,Colour reversal,11,N,,,
KM-RY,Colour reversal,12,N,,,
KM-RY,Colour reversal,13,Y,,,
KM-RY,Colour reversal,14,N,,,
KM-RY,Colour reversal,15,Y,,,
KM-RY,Colour reversal,16,N,,,
KM-RY,Colour reversal,17,N,,,
KM-RY,Colour reversal,18,Y,,,
KM-RY,Colour reversal,19,Y,,,
KM-RY,Colour reversal,20,Y,,,
KM-RY,Colour reversal,21,N,,,
KM-RY,Colour reversal,22,Y,,,
KM-RY,Colour reversal,23,N,,,
KM-RY,Colour reversal,24,N,,,
KM-RY,Colour reversal,25,Y,,,
KM-RY,Colour reversal,26,Y,,,
KM-RY,Colour reversal,27,N,,,
KM-RY,Colour reversal,28,N,,,
KM-RY,Colour reversal,29,N,,,
KM-RY,Colour reversal,30,N,,,
KM-RY,Colour reversal,31,N,,,
KM-RY,Colour reversal,32,N,,,
KM-RY,Colour reversal,33,Y,,,
KM-RY,Colour reversal,34,N,,,
KM-RY,Colour reversal,35,N,,,
KM-RY,Colour reversal,36,N,,,
KM-RY,Colour reversal,37,N,,,
KM-RY,Colour reversal,38,N,,,
KM-RY,Colour reversal,39,Y,,,
KM-RY,Colour reversal,40,Y,,,
KM-RY,Colour reversal,41,Y,,,
KM-RY,Colour reversal,42,Y,,,
KM-RY,Colour reversal,43,Y,,,
KM-RY,Colour reversal,44,Y,,,
KM-RY,Colour reversal,45,Y,,,
KM-RY,Colour reversal,46,Y,,,
KM-RY,Colour reversal,47,N,,,
KM-RY,Colour reversal,48,Y,,,
KM-RY,Colour reversal,49,N,,,
KM-RY,Colour reversal,50,Y,,,
BfP-YM,Colour assoc.,Probe,N,,,
BfP-YM,Colour assoc.,1,N,,,
BfP-YM,Colour assoc.,2,N,,,
BfP-YM,Colour assoc.,3,N,,,
BfP-YM,Colour assoc.,4,Y,,,
BfP-YM,Colour assoc.,5,N,,,
BfP-YM,Colour assoc.,6,N,,,
BfP-YM,Colour assoc.,7,N,,,
BfP-YM,Colour assoc.,8,Y,,,
BfP-YM,Colour assoc.,9,Y,,,
BfP-YM,Colour assoc.,10,N,,,
BfP-YM,Colour assoc.,11,Y,,,
BfP-YM,Colour assoc.,12,Y,,,
BfP-YM,Colour assoc.,13,N,,,
BfP-YM,Colour assoc.,14,N,,,
BfP-YM,Colour assoc.,15,Y,,,
BfP-YM,Colour assoc.,16,N,,,
BfP-YM,Colour assoc.,17,N,,,
BfP-YM,Colour assoc.,18,N,,,
BfP-YM,Colour assoc.,19,Y,,,
BfP-YM,Colour assoc.,20,Y,,,
BfP-YM,Colour assoc.,21,N,,,
BfP-YM,Colour assoc.,22,Y,,,
BfP-YM,Colour assoc.,23,N,,,
BfP-YM,Colour assoc.,24,Y,,,
BfP-YM,Colour assoc.,25,Y,,,
BfP-YM,Colour assoc.,26,Y,,,
BfP-YM,Colour assoc.,27,Y,,,
BfP-YM,Colour assoc.,28,N,,,
BfP-YM,Colour assoc.,29,N,,,
BfP-YM,Colour assoc.,30,N,,,
BfP-YM,Colour assoc.,31,Y,,,
BfP-YM,Colour assoc.,32,Y,,,
BfP-YM,Colour assoc.,33,Y,,,
BfP-YM,Colour assoc.,34,Y,,,
BfP-YM,Colour assoc.,35,Y,,,
BfP-YM,Colour assoc.,36,Y,,,
BfP-YM,Colour assoc.,37,N,,,
BfP-YM,Colour assoc.,38,N,,,
BfP-YM,Colour assoc.,39,Y,,,
BfP-YM,Colour assoc.,40,Y,,,
BfP-YM,Colour assoc.,41,Y,,,
BfP-YM,Colour assoc.,42,Y,,,
BfP-YM,Colour assoc.,43,N,,,
BfP-YM,Colour assoc.,44,Y,,,
BfP-YM,Colour reversal,Probe,N,,,
BfP-YM,Colour reversal,1,N,,,
BfP-YM,Colour reversal,2,Y,,,
BfP-YM,Colour reversal,3,N,,,
BfP-YM,Colour reversal,4,N,,,
BfP-YM,Colour reversal,5,N,,,
BfP-YM,Colour reversal,6,N,,,
BfP-YM,Colour reversal,7,N,,,
BfP-YM,Colour reversal,8,N,,,
BfP-YM,Colour reversal,9,Y,,,
BfP-YM,Colour reversal,10,N,,,
BfP-YM,Colour reversal,11,N,,,
BfP-YM,Colour reversal,12,Y,,,
BfP-YM,Colour reversal,13,Y,,,
BfP-YM,Colour reversal,14,Y,,,
BfP-YM,Colour reversal,15,Y,,,
BfP-YM,Colour reversal,16,Y,,,
BfP-YM,Colour reversal,17,N,,,
BfP-YM,Colour reversal,18,Y,,,
BfP-YM,Colour reversal,19,N,,,
BfP-YM,Colour reversal,20,Y,,,
BfP-YM,Colour reversal,21,N,,,
BfP-YM,Colour reversal,22,Y,,,
BfP-YM,Colour reversal,23,Y,,,
BfP-YM,Colour reversal,24,N,,,
BfP-YM,Colour reversal,25,N,,,
BfP-YM,Colour reversal,26,N,,,
BfP-YM,Colour reversal,27,N,,,
BfP-YM,Colour reversal,28,Y,,,
BfP-YM,Colour reversal,29,Y,,,
BfP-YM,Colour reversal,30,N,,,
BfP-YM,Colour reversal,31,N,,,
BfP-YM,Colour reversal,32,Y,,,
BfP-YM,Colour reversal,33,N,,,
BfP-YM,Colour reversal,34,N,,,
BfP-YM,Colour reversal,35,Y,,,
BfP-YM,Colour reversal,36,Y,,,
BfP-YM,Colour reversal,37,Y,,,
BfP-YM,Colour reversal,38,N,,,
BfP-YM,Colour reversal,39,Y,,,
BfP-YM,Colour reversal,40,Y,,,
BfP-YM,Colour reversal,41,Y,,,
BfP-YM,Colour reversal,42,Y,,,
BfP-YM,Colour reversal,43,Y,,,
BfP-YM,Colour reversal,44,Y,,,
BfP-YM,Colour reversal,45,Y,,,
KM-fPG,Colour assoc.,Probe,Y,,,
KM-fPG,Colour assoc.,,N,,,
KM-fPG,Colour assoc.,1,Y,,,
KM-fPG,Colour assoc.,2,N,,,
KM-fPG,Colour assoc.,3,Y,,,
KM-fPG,Colour assoc.,4,Y,,,
KM-fPG,Colour assoc.,5,Y,,,
KM-fPG,Colour assoc.,6,N,,,
KM-fPG,Colour assoc.,7,Y,,,
KM-fPG,Colour assoc.,8,N,,,
KM-fPG,Colour assoc.,9,Y,,,
KM-fPG,Colour assoc.,10,N,,,
KM-fPG,Colour assoc.,11,N,,,
KM-fPG,Colour assoc.,12,Y,,,
KM-fPG,Colour assoc.,13,Y,,,
KM-fPG,Colour assoc.,14,N,,,
KM-fPG,Colour assoc.,15,N,,,
KM-fPG,Colour assoc.,16,Y,,,
KM-fPG,Colour assoc.,17,N,,,
KM-fPG,Colour assoc.,18,Y,,,
KM-fPG,Colour assoc.,19,N,,,
KM-fPG,Colour assoc.,20,Y,,,
KM-fPG,Colour assoc.,21,N,,,
KM-fPG,Colour assoc.,22,Y,,,
KM-fPG,Colour assoc.,23,Y,,,
KM-fPG,Colour assoc.,24,N,,,
KM-fPG,Colour assoc.,25,Y,,,
KM-fPG,Colour assoc.,26,N,,,
KM-fPG,Colour assoc.,27,N,,,
KM-fPG,Colour assoc.,28,Y,,,
KM-fPG,Colour assoc.,29,N,,,
KM-fPG,Colour assoc.,30,Y,,,
KM-fPG,Colour assoc.,31,Y,,,
KM-fPG,Colour assoc.,32,Y,,,
KM-fPG,Colour assoc.,33,Y,,,
KM-fPG,Colour assoc.,34,Y,,,
KM-fPG,Colour assoc.,35,Y,,,
KM-fPG,Colour assoc.,36,N,,,
KM-fPG,Colour assoc.,37,Y,,,
KM-fPG,Colour assoc.,38,Y,,,
KM-fPG,Colour assoc.,39,Y,,,
KM-fPG,Colour assoc.,40,Y,,,
KM-fPG,Colour assoc.,41,Y,,,
KM-fPG,Colour assoc.,42,Y,,,
KM-fPG,Colour reversal,Ignore,N,,,
KM-fPG,Colour reversal,Ignore,Y,,,
KM-fPG,Colour reversal,Ignore,N,,,
KM-fPG,Colour reversal,Probe,N,,,
KM-fPG,Colour reversal,1,N,,,
KM-fPG,Colour reversal,2,Y,,,
KM-fPG,Colour reversal,3,N,,,
KM-fPG,Colour reversal,4,Y,,,
KM-fPG,Colour reversal,5,N,,,
KM-fPG,Colour reversal,6,Y,,,
KM-fPG,Colour reversal,7,N,,,
KM-fPG,Colour reversal,8,Y,,,
KM-fPG,Colour reversal,9,N,,,
KM-fPG,Colour reversal,10,N,,,
KM-fPG,Colour reversal,11,N,,,
KM-fPG,Colour reversal,12,N,,,
KM-fPG,Colour reversal,13,N,,,
KM-fPG,Colour reversal,14,N,,,
KM-fPG,Colour reversal,15,Y,,,
KM-fPG,Colour reversal,16,N,,,
KM-fPG,Colour reversal,17,N,,,
KM-fPG,Colour reversal,18,Y,,,
KM-fPG,Colour reversal,19,Y,,,
KM-fPG,Colour reversal,20,N,,,
KM-fPG,Colour reversal,21,N,,,
KM-fPG,Colour reversal,22,Y,,,
KM-fPG,Colour reversal,23,N,,,
KM-fPG,Colour reversal,24,N,,,
KM-fPG,Colour reversal,25,Y,,,
KM-fPG,Colour reversal,26,N,,,
KM-fPG,Colour reversal,27,Y,,,
KM-fPG,Colour reversal,28,N,,,
KM-fPG,Colour reversal,29,Y,,,
KM-fPG,Colour reversal,30,N,,,
KM-fPG,Colour reversal,31,Y,,,
KM-fPG,Colour reversal,32,Y,,,
KM-fPG,Colour reversal,33,N,,,
KM-fPG,Colour reversal,34,Y,,,
KM-fPG,Colour reversal,35,Y,,,
KM-fPG,Colour reversal,36,Y,,,
KM-fPG,Colour reversal,37,Y,,,
KM-fPG,Colour reversal,38,Y,,,
KM-fPG,Colour reversal,39,N,,,
KM-fPG,Colour reversal,40,Y,,,
KM-fPG,Colour reversal,41,Y,,,
KM-fPG,Colour reversal,42,Y,,,
KM-fPG,Colour reversal,43,Y,,,
GG-YM,Colour assoc.,Probe,N,,,
GG-YM,Colour assoc.,1,N,,,
GG-YM,Colour assoc.,2,N,,,
GG-YM,Colour assoc.,3,N,,,
GG-YM,Colour assoc.,4,N,,,
GG-YM,Colour assoc.,5,N,,,
GG-YM,Colour assoc.,6,N,,,
GG-YM,Colour assoc.,7,N,,,
GG-YM,Colour assoc.,8,N,,,
GG-YM,Colour assoc.,9,N,,,
GG-YM,Colour assoc.,10,N,,,
GG-YM,Colour assoc.,11,N,,,
GG-YM,Colour assoc.,12,N,,,
GG-YM,Colour assoc.,13,N,,,
GG-YM,Colour assoc.,14,Y,,,
GG-YM,Colour assoc.,15,Y,,,
GG-YM,Colour assoc.,16,Y,,,
GG-YM,Colour assoc.,17,Y,,,
GG-YM,Colour assoc.,18,N,,,
GG-YM,Colour assoc.,19,Y,,,
GG-YM,Colour assoc.,20,N,,,
GG-YM,Colour assoc.,21,N,,,
GG-YM,Colour assoc.,22,Y,,,
GG-YM,Colour assoc.,23,N,,,
GG-YM,Colour assoc.,24,N,,,
GG-YM,Colour assoc.,25,N,,,
GG-YM,Colour assoc.,26,N,,,
GG-YM,Colour assoc.,27,N,,,
GG-YM,Colour assoc.,28,N,,,
GG-YM,Colour assoc.,29,Y,,,
GG-YM,Colour assoc.,30,Y,,,
GG-YM,Colour assoc.,31,Y,,,
GG-YM,Colour assoc.,32,N,,,
GG-YM,Colour assoc.,33,N,,,
GG-YM,Colour assoc.,34,Y,,,
GG-YM,Colour assoc.,35,Y,,,
GG-YM,Colour assoc.,36,Y,,,
GG-YM,Colour assoc.,37,N,,,
GG-YM,Colour assoc.,38,Y,,,
GG-YM,Colour assoc.,39,Y,,,
GG-YM,Colour assoc.,40,Y,,,
GG-YM,Colour assoc.,41,Y,,,
GG-YM,Colour assoc.,42,Y,,,
GG-YM,Colour assoc.,43,Y,,,
GG-YM,Colour assoc.,44,Y,,,
GG-YM,Colour reversal,Probe,Y,,,
GG-YM,Colour reversal,1,N,,,
GG-YM,Colour reversal,2,Y,,,
GG-YM,Colour reversal,3,N,,,
GG-YM,Colour reversal,4,N,,,
GG-YM,Colour reversal,5,N,,,
GG-YM,Colour reversal,6,N,,,
GG-YM,Colour reversal,7,N,,,
GG-YM,Colour reversal,8,N,,,
GG-YM,Colour reversal,9,N,,,
GG-YM,Colour reversal,10,N,,,
GG-YM,Colour reversal,11,N,,,
GG-YM,Colour reversal,12,N,,,
GG-YM,Colour reversal,13,N,,,
GG-YM,Colour reversal,14,Y,,,
GG-YM,Colour reversal,15,Y,,,
GG-YM,Colour reversal,16,N,,,
GG-YM,Colour reversal,17,N,,,
GG-YM,Colour reversal,18,Y,,,
GG-YM,Colour reversal,19,N,,,
GG-YM,Colour reversal,20,N,,,
GG-YM,Colour reversal,21,N,,,
GG-YM,Colour reversal,22,Y,,,
GG-YM,Colour reversal,23,N,,,
GG-YM,Colour reversal,24,Y,,,
GG-YM,Colour reversal,25,Y,,,
GG-YM,Colour reversal,26,Y,,,
GG-YM,Colour reversal,27,Y,,,
GG-YM,Colour reversal,28,N,,,
GG-YM,Colour reversal,29,N,,,
GG-YM,Colour reversal,30,N,,,
GG-YM,Colour reversal,31,N,,,
GG-YM,Colour reversal,32,Y,,,
GG-YM,Colour reversal,33,N,,,
GG-YM,Colour reversal,34,N,,,
GG-YM,Colour reversal,35,Y,,,
GG-YM,Colour reversal,36,Y,,,
GG-YM,Colour reversal,37,Y,,,
GG-YM,Colour reversal,38,Y,,,
GG-YM,Colour reversal,39,Y,,,
GG-YM,Colour reversal,40,Y,,,
GG-YM,Colour reversal,41,N,,,
GG-YM,Colour reversal,42,Y,,,
GG-YM,Colour reversal,43,Y,,,
GG-YM,Colour reversal,44,Y,,,
GG-YM,Colour reversal,45,Y,,,
GG-YM,Colour reversal,46,Y,,,
BG-YM,Colour assoc.,Probe,N,,,
BG-YM,Colour assoc.,1,Y,,,
BG-YM,Colour assoc.,2,N,,,
BG-YM,Colour assoc.,3,Y,,,
BG-YM,Colour assoc.,4,Y,,,
BG-YM,Colour assoc.,5,Y,,,
BG-YM,Colour assoc.,6,Y,,,
BG-YM,Colour assoc.,7,Y,,,
BG-YM,Colour assoc.,8,Y,,,
BG-YM,Colour assoc.,9,N,,,
BG-YM,Colour assoc.,10,N,,,
BG-YM,Colour assoc.,11,Y,,,
BG-YM,Colour assoc.,12,Y,,,
BG-YM,Colour assoc.,13,N,,,
BG-YM,Colour assoc.,14,Y,,,
BG-YM,Colour assoc.,15,Y,,,
BG-YM,Colour assoc.,16,N,,,
BG-YM,Colour assoc.,17,Y,,,
BG-YM,Colour assoc.,18,Y,,,
BG-YM,Colour assoc.,19,N,,,
BG-YM,Colour assoc.,20,Y,,,
BG-YM,Colour assoc.,21,N,,,
BG-YM,Colour assoc.,22,Y,,,
BG-YM,Colour assoc.,23,Y,,,
BG-YM,Colour assoc.,24,N,,,
BG-YM,Colour assoc.,25,Y,,,
BG-YM,Colour assoc.,26,Y,,,
BG-YM,Colour assoc.,27,Y,,,
BG-YM,Colour assoc.,28,N,,,
BG-YM,Colour assoc.,29,N,,,
BG-YM,Colour assoc.,30,Y,,,
BG-YM,Colour assoc.,31,Y,,,
BG-YM,Colour assoc.,32,N,,,
BG-YM,Colour assoc.,33,N,,,
BG-YM,Colour assoc.,34,Y,,,
BG-YM,Colour assoc.,35,N,,,
BG-YM,Colour assoc.,36,Y,,,
BG-YM,Colour assoc.,37,N,,,
BG-YM,Colour assoc.,38,N,,,
BG-YM,Colour assoc.,39,Y,,,
BG-YM,Colour assoc.,40,Y,,,
BG-YM,Colour assoc.,41,Y,,,
BG-YM,Colour assoc.,42,Y,,,
BG-YM,Colour assoc.,43,Y,,,
BG-YM,Colour assoc.,44,Y,,,
BG-YM,Colour assoc.,45,N,,,
BG-YM,Colour assoc.,46,Y,,,
BG-YM,Colour assoc.,47,Y,,,
BG-YM,Colour assoc.,48,N,,,
BG-YM,Colour assoc.,49,Y,,,
BG-YM,Colour assoc.,50,Y,,,
BG-YM,Colour reversal,Probe,Y,,,
BG-YM,Colour reversal,1,N,,,
BG-YM,Colour reversal,2,N,,,
BG-YM,Colour reversal,3,N,,,
BG-YM,Colour reversal,4,N,,,
BG-YM,Colour reversal,5,Y,,,
BG-YM,Colour reversal,6,N,,,
BG-YM,Colour reversal,7,N,,,
BG-YM,Colour reversal,8,Y,,,
BG-YM,Colour reversal,9,Y,,,
BG-YM,Colour reversal,10,N,,,
BG-YM,Colour reversal,11,N,,,
BG-YM,Colour reversal,12,Y,,,
BG-YM,Colour reversal,13,Y,,,
BG-YM,Colour reversal,14,Y,,,
BG-YM,Colour reversal,15,N,,,
BG-YM,Colour reversal,16,N,,,
BG-YM,Colour reversal,17,N,,,
BG-YM,Colour reversal,18,Y,,,
BG-YM,Colour reversal,19,N,,,
BG-YM,Colour reversal,20,Y,,,
BG-YM,Colour reversal,21,Y,,,
BG-YM,Colour reversal,22,Y,,,
BG-YM,Colour reversal,23,N,,,
BG-YM,Colour reversal,24,Y,,,
BG-YM,Colour reversal,25,N,,,
BG-YM,Colour reversal,26,Y,,,
BG-YM,Colour reversal,27,Y,,,
BG-YM,Colour reversal,28,Y,,,
BG-YM,Colour reversal,29,N,,,
BG-YM,Colour reversal,30,?,,,
BG-YM,Colour reversal,31,Y,,,
BG-YM,Colour reversal,32,N,,,
BG-YM,Colour reversal,33,Y,,,
BG-YM,Colour reversal,34,N,,,
BG-YM,Colour reversal,35,N,,,
BG-YM,Colour reversal,36,Y,,,
BG-YM,Colour reversal,37,Y,,,
BG-YM,Colour reversal,38,Y,,,
BG-YM,Colour reversal,39,Y,,,
BG-YM,Colour reversal,40,Y,,,
BG-YM,Colour reversal,41,N,,,
BG-YM,Colour reversal,42,Y,,,
BG-YM,Colour reversal,43,N,,,
BG-YM,Colour reversal,44,Y,,,
BG-YM,Colour reversal,45,Y,,,
BG-YM,Colour reversal,46,N,,,
BG-YM,Colour reversal,47,Y,,,
BG-YM,Colour reversal,48,Y,,,
BG-YM,Colour reversal,49,N,,,
BG-YM,Colour reversal,50,Y,,,
BG-YM,Colour reversal,51,N,,,
BG-YM,Colour reversal,52,Y,,,
BG-YM,Colour reversal,53,Y,,,
BG-YM,Colour reversal,54,Y,,,
BG-YM,Colour reversal,55,Y,,,
BG-YM,Colour reversal,56,N,,,
BG-YM,Colour reversal,57,Y,,,
BG-YM,Colour reversal,58,N,,,
BG-YM,Colour reversal,59,Y,,,
BG-YM,Colour reversal,60,N,,,
BG-YM,Colour reversal,61,N,,,
BG-YM,Colour reversal,62,Y,,,
BG-YM,Colour reversal,63,N,,,
BG-YM,Colour reversal,64,Y,,,
BG-YM,Colour reversal,65,Y,,,
BG-YM,Colour reversal,66,Y,,,
BG-YM,Colour reversal,67,Y,,,
BG-YM,Colour reversal,68,Y,,,
BG-YM,Colour reversal,69,N,,,
BG-YM,Colour reversal,70,Y,,,
BG-YM,Colour reversal,71,N,,,
BG-YM,Colour reversal,72,N,,,
BG-YM,Colour reversal,73,Y,,,
BG-YM,Colour reversal,74,Y,,,
BG-YM,Colour reversal,75,Y,,,
BG-YM,Colour reversal,76,Y,,,
BG-YM,Colour reversal,77,N,,,
BG-YM,Colour reversal,78,Y,,,
BG-YM,Colour reversal,79,N,,,
BG-YM,Colour reversal,80,Y,,,
BG-YM,Colour reversal,81,Y,,,
BG-YM,Colour reversal,82,Y,,,
BG-YM,Colour reversal,83,N,,,
BG-YM,Colour reversal,84,Y,,,
BG-YM,Colour reversal,85,Y,,,
BG-YM,Colour reversal,86,Y,,,
BG-YM,Colour reversal,87,Y,,,
BG-YM,Colour reversal,88,Y,,,
BG-YM,Colour reversal,89,Y,,,
RY-fPM,Colour assoc.,Probe,Y,,,
RY-fPM,Colour assoc.,1,Y,,,
RY-fPM,Colour assoc.,2,N,,,
RY-fPM,Colour assoc.,3,Y,,,
RY-fPM,Colour assoc.,4,N,,,
RY-fPM,Colour assoc.,5,N,,,
RY-fPM,Colour assoc.,6,N,,,
RY-fPM,Colour assoc.,7,N,,,
RY-fPM,Colour assoc.,8,Y,,,
RY-fPM,Colour assoc.,9,Y,,,
RY-fPM,Colour assoc.,10,N,,,
RY-fPM,Colour assoc.,11,Y,,,
RY-fPM,Colour assoc.,12,Y,,,
RY-fPM,Colour assoc.,13,N,,,
RY-fPM,Colour assoc.,14,Y,,,
RY-fPM,Colour assoc.,15,Y,,,
RY-fPM,Colour assoc.,16,N,,,
RY-fPM,Colour assoc.,17,Y,,,
RY-fPM,Colour assoc.,18,N,,,
RY-fPM,Colour assoc.,19,Y,,,
RY-fPM,Colour assoc.,20,N,,,
RY-fPM,Colour assoc.,21,N,,,
RY-fPM,Colour assoc.,22,Y,,,
RY-fPM,Colour assoc.,23,Y,,,
RY-fPM,Colour assoc.,24,N,,,
RY-fPM,Colour assoc.,25,Y,,,
RY-fPM,Colour assoc.,26,Y,,,
RY-fPM,Colour assoc.,27,Y,,,
RY-fPM,Colour assoc.,28,N,,,
RY-fPM,Colour assoc.,29,N,,,
RY-fPM,Colour assoc.,30,N,,,
RY-fPM,Colour assoc.,31,Y,,,
RY-fPM,Colour assoc.,32,N,,,
RY-fPM,Colour assoc.,33,Y,,,
RY-fPM,Colour assoc.,34,Y,,,
RY-fPM,Colour assoc.,35,N,,,
RY-fPM,Colour assoc.,36,Y,,,
RY-fPM,Colour assoc.,37,N,,,
RY-fPM,Colour assoc.,38,Y,,,
RY-fPM,Colour assoc.,39,Y,,,
RY-fPM,Colour assoc.,40,Y,,,
RY-fPM,Colour assoc.,41,N,,,
RY-fPM,Colour assoc.,42,N,,,
RY-fPM,Colour assoc.,43,Y,,,
RY-fPM,Colour assoc.,44,Y,,,
RY-fPM,Colour assoc.,45,N,,,
RY-fPM,Colour assoc.,46,N,,,
RY-fPM,Colour assoc.,47,Y,,,
RY-fPM,Colour assoc.,48,Y,,,
RY-fPM,Colour assoc.,49,Y,,,
RY-fPM,Colour assoc.,50,Y,,,
RY-fPM,Colour assoc.,51,Y,,,
RY-fPM,Colour assoc.,52,N,,,
RY-fPM,Colour assoc.,53,Y,,,
RY-fPM,Colour assoc.,54,Y,,,
RY-fPM,Colour assoc.,55,Y,,,
RY-fPM,Colour assoc.,56,Y,,,
RY-fPM,Colour assoc.,57,Y,,,
RY-fPM,Colour reversal,Probe,N,,,
RY-fPM,Colour reversal,1,N,,,
RY-fPM,Colour reversal,2,N,,,
RY-fPM,Colour reversal,3,N,,,
RY-fPM,Colour reversal,4,N,,,
RY-fPM,Colour reversal,5,N,,,
RY-fPM,Colour reversal,6,Y,,,
RY-fPM,Colour reversal,7,N,,,
RY-fPM,Colour reversal,8,N,,,
RY-fPM,Colour reversal,9,N,,,
RY-fPM,Colour reversal,10,Y,,,
RY-fPM,Colour reversal,11,N,,,
RY-fPM,Colour reversal,12,N,,,
RY-fPM,Colour reversal,13,Y,,,
RY-fPM,Colour reversal,14,N,,,
RY-fPM,Colour reversal,15,Y,,,
RY-fPM,Colour reversal,16,N,,,
RY-fPM,Colour reversal,17,Y,,,
RY-fPM,Colour reversal,18,N,,,
RY-fPM,Colour reversal,19,N,,,
RY-fPM,Colour reversal,20,Y,,,
RY-fPM,Colour reversal,21,N,,,
RY-fPM,Colour reversal,22,Y,,,
RY-fPM,Colour reversal,23,Y,,,
RY-fPM,Colour reversal,24,N,,,
RY-fPM,Colour reversal,25,N,,,
RY-fPM,Colour reversal,26,N,,,
RY-fPM,Colour reversal,27,Y,,,
RY-fPM,Colour reversal,28,N,,,
RY-fPM,Colour reversal,29,Y,,,
RY-fPM,Colour reversal,30,N,,,
RY-fPM,Colour reversal,31,Y,,,
RY-fPM,Colour reversal,32,Y,,,
RY-fPM,Colour reversal,33,N,,,
RY-fPM,Colour reversal,34,N,,,
RY-fPM,Colour reversal,35,Y,,,
RY-fPM,Colour reversal,36,N,,,
RY-fPM,Colour reversal,37,N,,,
RY-fPM,Colour reversal,38,N,,,
RY-fPM,Colour reversal,39,Y,,,
RY-fPM,Colour reversal,40,Y,,,
RY-fPM,Colour reversal,41,N,,,
RY-fPM,Colour reversal,42,N,,,
RY-fPM,Colour reversal,43,Y,,,
RY-fPM,Colour reversal,44,N,,,
RY-fPM,Colour reversal,45,Y,,,
RY-fPM,Colour reversal,46,N,,,
RY-fPM,Colour reversal,47,Y,,,
RY-fPM,Colour reversal,48,N,,,
RY-fPM,Colour reversal,49,N,,,
RY-fPM,Colour reversal,50,N,,,
RY-fPM,Colour reversal,51,N,,,
RY-fPM,Colour reversal,52,Y,,,
RY-fPM,Colour reversal,53,Y,,,
RY-fPM,Colour reversal,54,Y,,,
RY-fPM,Colour reversal,55,Y,,,
RY-fPM,Colour reversal,56,N,,,
RY-fPM,Colour reversal,57,N,,,
RY-fPM,Colour reversal,58,Y,,,
RY-fPM,Colour reversal,59,Y,,,
RY-fPM,Colour reversal,60,N,,,
RY-fPM,Colour reversal,61,Y,,,
RY-fPM,Colour reversal,62,Y,,,
RY-fPM,Colour reversal,63,Y,,,
RY-fPM,Colour reversal,64,N,,,
RY-fPM,Colour reversal,65,N,,,
RY-fPM,Colour reversal,66,N,,,
RY-fPM,Colour reversal,67,N,,,
RY-fPM,Colour reversal,68,N,,,
RY-fPM,Colour reversal,69,N,,,
RY-fPM,Colour reversal,70,N,,,
RY-fPM,Colour reversal,71,N,,,
RY-fPM,Colour reversal,72,Y,,,
RY-fPM,Colour reversal,73,Y,,,
RY-fPM,Colour reversal,74,Y,,,
RY-fPM,Colour reversal,75,Y,,,
RY-fPM,Colour reversal,76,N,,,
RY-fPM,Colour reversal,77,Y,,,
RY-fPM,Colour reversal,78,Y,,,
RY-fPM,Colour reversal,79,Y,,,
RY-fPM,Colour reversal,80,Y,,,
RY-fPM,Colour reversal,81,Y,,,
RY-fPM,Colour reversal,82,Y,,,
RM-OB,Colour assoc.,1,N,,,
RM-OB,Colour assoc.,2,Y,,,
RM-OB,Colour assoc.,3,Y,,,
RM-OB,Colour assoc.,4,N,,,
RM-OB,Colour assoc.,5,Y,,,
RM-OB,Colour assoc.,6,Y,,,
RM-OB,Colour assoc.,7,N,,,
RM-OB,Colour assoc.,8,Y,,,
RM-OB,Colour assoc.,9,N,,,
RM-OB,Colour assoc.,10,Y,,,
RM-OB,Colour assoc.,11,Y,,,
RM-OB,Colour assoc.,12,Y,,,
RM-OB,Colour assoc.,13,Y,,,
RM-OB,Colour assoc.,14,Y,,,
RM-OB,Colour assoc.,15,Y,,,
RM-OB,Colour assoc.,16,N,,,
RM-OB,Colour assoc.,17,Y,,,
RM-OB,Colour assoc.,18,Y,,,
RM-OB,Colour assoc.,19,Y,,,
RM-OB,Colour reversal,1,N,,,
RM-OB,Colour reversal,2,N,,,
RM-OB,Colour reversal,3,N,,,
RM-OB,Colour reversal,4,Y,,,
RM-OB,Colour reversal,5,N,,,
RM-OB,Colour reversal,6,N,,,
RM-OB,Colour reversal,7,N,,,
RM-OB,Colour reversal,8,N,,,
RM-OB,Colour reversal,9,N,,,
RM-OB,Colour reversal,10,N,,,
RM-OB,Colour reversal,11,N,,,
RM-OB,Colour reversal,12,N,,,
RM-OB,Colour reversal,13,N,,,
RM-OB,Colour reversal,14,N,,,
RM-OB,Colour reversal,15,N,,,
RM-OB,Colour reversal,16,N,,,
RM-OB,Colour reversal,17,N,,,
RM-OB,Colour reversal,18,N,,,
RM-OB,Colour reversal,19,N,,,
RM-OB,Colour reversal,20,N,,,
RM-OB,Colour reversal,21,N,,,
RM-OB,Colour reversal,22,N,,,
RM-OB,Colour reversal,23,Y,,,
RM-OB,Colour reversal,24,Y,,,
RM-OB,Colour reversal,25,N,,,
RM-OB,Colour reversal,26,Y,,,
RM-OB,Colour reversal,27,Y,,,
RM-OB,Colour reversal,28,Y,,,
RM-OB,Colour reversal,29,N,,,
RM-OB,Colour reversal,30,N,,,
RM-OB,Colour reversal,31,Y,,,
RM-OB,Colour reversal,32,Y,,,
RM-OB,Colour reversal,33,N,,,
RM-OB,Colour reversal,34,N,,,
RM-OB,Colour reversal,35,N,,,
RM-OB,Colour reversal,36,N,,,
RM-OB,Colour reversal,37,Y,,,
RM-OB,Colour reversal,38,N,,,
RM-OB,Colour reversal,39,N,,,
RM-OB,Colour reversal,40,Y,,,
RM-OB,Colour reversal,41,Y,,,
RM-OB,Colour reversal,42,N,,,
RM-OB,Colour reversal,43,N,,,
RM-OB,Colour reversal,44,N,,,
RM-OB,Colour reversal,45,Y,,,
RM-OB,Colour reversal,46,Y,,,
RM-OB,Colour reversal,47,N,,,
RM-OB,Colour reversal,48,N,,,
RM-OB,Colour reversal,49,Y,,,
RM-OB,Colour reversal,50,Y,,,
RM-OB,Colour reversal,51,Y,,,
RM-OB,Colour reversal,52,Y,,,
RM-OB,Colour reversal,53,Y,,,
RM-OB,Colour reversal,54,Y,,,
RM-OB,Colour reversal,55,N,,,
RM-OB,Colour reversal,56,Y,,,
RM-OB,Colour reversal,57,N,,,
RM-OB,Colour reversal,58,Y,,,
RM-OB,Colour reversal,59,Y,,,
RM-OB,Colour reversal,60,N,,,
RM-OB,Colour reversal,61,Y,,,
RM-OB,Colour reversal,62,Y,,,
RM-OB,Colour reversal,63,Y,,,
RM-OB,Colour reversal,64,Y,,,
RM-OB,Colour reversal,65,Y,,,
RM-OB,Colour reversal,66,N,,,
RM-OB,Colour reversal,67,N,,,
RM-OB,Colour reversal,68,N,,,
RM-OB,Colour reversal,69,Y,,,
RM-OB,Colour reversal,70,Y,,,
RM-OB,Colour reversal,71,Y,,,
RM-OB,Colour reversal,72,Y,,,
RM-OB,Colour reversal,73,Y,,,
RM-OB,Colour reversal,74,N,,,
RM-OB,Colour reversal,75,Y,,,
RM-OB,Colour reversal,76,Y,,,
RM-OB,Colour reversal,77,Y,,,
RM-OB,Colour reversal,78,N,,,
RM-OB,Colour reversal,79,Y,,,
RM-OB,Colour reversal,80,Y,,,
OM-YW,Colour assoc.,Probe,Y,,,
OM-YW,Colour assoc.,1,N,,,
OM-YW,Colour assoc.,2,Y,,,
OM-YW,Colour assoc.,3,Y,,,
OM-YW,Colour assoc.,4,Y,,,
OM-YW,Colour assoc.,5,Y,,,
OM-YW,Colour assoc.,6,Y,,,
OM-YW,Colour assoc.,7,N,,,
OM-YW,Colour assoc.,8,Y,,,
OM-YW,Colour assoc.,9,Y,,,
OM-YW,Colour assoc.,10,Y,,,
OM-YW,Colour assoc.,11,Y,,,
OM-YW,Colour assoc.,12,Y,,,
OM-YW,Colour reversal,Probe,N,,,
OM-YW,Colour reversal,1,N,,,
OM-YW,Colour reversal,2,Y,,,
OM-YW,Colour reversal,3,N,,,
OM-YW,Colour reversal,4,Y,,,
OM-YW,Colour reversal,5,N,,,
OM-YW,Colour reversal,6,Y,,,
OM-YW,Colour reversal,7,Y,,,
OM-YW,Colour reversal,8,Y,,,
OM-YW,Colour reversal,9,N,,,
OM-YW,Colour reversal,10,N,,,
OM-YW,Colour reversal,11,N,,,
OM-YW,Colour reversal,12,N,,,
OM-YW,Colour reversal,13,N,,,
OM-YW,Colour reversal,14,Y,,,
OM-YW,Colour reversal,15,N,,,
OM-YW,Colour reversal,16,Y,,,
OM-YW,Colour reversal,17,N,,,
OM-YW,Colour reversal,18,Y,,,
OM-YW,Colour reversal,19,N,,,
OM-YW,Colour reversal,20,N,,,
OM-YW,Colour reversal,21,N,,,
OM-YW,Colour reversal,22,Y,,,
OM-YW,Colour reversal,23,Y,,,
OM-YW,Colour reversal,24,Y,,,
OM-YW,Colour reversal,25,Y,,,
OM-YW,Colour reversal,26,N,,,
OM-YW,Colour reversal,27,Y,,,
OM-YW,Colour reversal,28,Y,,,
OM-YW,Colour reversal,29,Y,,,
OM-YW,Colour reversal,30,N,,,
OM-YW,Colour reversal,31,Y,,,
OM-YW,Colour reversal,32,Y,,,
OM-YW,Colour reversal,33,Y,,,
OM-YK,Colour assoc.,Probe,N,,,
OM-YK,Colour assoc.,1,N,,,
OM-YK,Colour assoc.,2,Y,,,
OM-YK,Colour assoc.,3,Y,,,
OM-YK,Colour assoc.,4,N,,,
OM-YK,Colour assoc.,5,N,,,
OM-YK,Colour assoc.,6,N,,,
OM-YK,Colour assoc.,7,N,,,
OM-YK,Colour assoc.,8,Y,,,
OM-YK,Colour assoc.,9,N,,,
OM-YK,Colour assoc.,10,Y,,,
OM-YK,Colour assoc.,11,N,,,
OM-YK,Colour assoc.,12,N,,,
OM-YK,Colour assoc.,13,N,,,
OM-YK,Colour assoc.,14,N,,,
OM-YK,Colour assoc.,15,N,,,
OM-YK,Colour assoc.,16,N,,,
OM-YK,Colour assoc.,17,Y,,,
OM-YK,Colour assoc.,18,N,,,
OM-YK,Colour assoc.,19,Y,,,
OM-YK,Colour assoc.,20,N,,,
OM-YK,Colour assoc.,21,N,,,
OM-YK,Colour assoc.,22,Y,,,
OM-YK,Colour assoc.,23,Y,,,
OM-YK,Colour assoc.,24,N,,,
OM-YK,Colour assoc.,25,N,,,
OM-YK,Colour assoc.,26,Y,,,
OM-YK,Colour assoc.,27,N,,,
OM-YK,Colour assoc.,28,N,,,
OM-YK,Colour assoc.,29,Y,,,
OM-YK,Colour assoc.,30,N,,,
OM-YK,Colour assoc.,31,Y,,,
OM-YK,Colour assoc.,32,N,,,
OM-YK,Colour assoc.,33,N,,,
OM-YK,Colour assoc.,34,N,,,
OM-YK,Colour assoc.,35,N,,,
OM-YK,Colour assoc.,36,Y,,,
OM-YK,Colour assoc.,37,N,,,
OM-YK,Colour assoc.,38,Y,,,
OM-YK,Colour assoc.,39,Y,,,
OM-YK,Colour assoc.,40,N,,,
OM-YK,Colour assoc.,41,N,,,
OM-YK,Colour assoc.,42,Y,,,
OM-YK,Colour assoc.,43,Y,,,
OM-YK,Colour assoc.,44,Y,,,
OM-YK,Colour assoc.,45,Y,,,
OM-YK,Colour assoc.,46,N,,,
OM-YK,Colour assoc.,47,N,,,
OM-YK,Colour assoc.,48,N,,,
OM-YK,Colour assoc.,49,Y,,,
OM-YK,Colour assoc.,50,N,,,
OM-YK,Colour assoc.,51,N,,,
OM-YK,Colour assoc.,52,N,,,
OM-YK,Colour assoc.,53,N,,,
OM-YK,Colour assoc.,54,Y,,,
OM-YK,Colour assoc.,55,N,,,
OM-YK,Colour assoc.,56,Y,,,
OM-YK,Colour assoc.,57,N,,,
OM-YK,Colour assoc.,58,Y,,,
OM-YK,Colour assoc.,59,N,,,
OM-YK,Colour assoc.,60,Y,,,
OM-YK,Colour assoc.,61,Y,,,
OM-YK,Colour assoc.,62,Y,,,
OM-YK,Colour assoc.,63,N,,,
OM-YK,Colour assoc.,64,Y,,,
OM-YK,Colour assoc.,65,Y,,,
OM-YK,Colour assoc.,66,N,,,
OM-YK,Colour assoc.,67,N,,,
OM-YK,Colour assoc.,68,N,,,
OM-YK,Colour assoc.,69,Y,,,
OM-YK,Colour assoc.,70,Y,,,
OM-YK,Colour assoc.,71,Y,,,
OM-YK,Colour assoc.,72,N,,,
OM-YK,Colour assoc.,73,Y,,,
OM-YK,Colour assoc.,74,Y,,,
OM-YK,Colour assoc.,75,Y,,,
OM-YK,Colour assoc.,76,Y,,,
OM-YK,Colour assoc.,77,Y,,,
OM-YK,Colour assoc.,78,Y,,,
OM-YK,Colour assoc.,79,N,,,
OM-YK,Colour assoc.,80,Y,,,
OM-YK,Colour reversal,Probe,Y,,,
OM-YK,Colour reversal,1,Y,,,
OM-YK,Colour reversal,2,N,,,
OM-YK,Colour reversal,3,N,,,
OM-YK,Colour reversal,4,N,,,
OM-YK,Colour reversal,5,Y,,,
OM-YK,Colour reversal,6,N,,,
OM-YK,Colour reversal,7,N,,,
OM-YK,Colour reversal,8,N,,,
OM-YK,Colour reversal,9,Y,,,
OM-YK,Colour reversal,10,N,,,
OM-YK,Colour reversal,11,N,,,
OM-YK,Colour reversal,12,Y,,,
OM-YK,Colour reversal,13,Y,,,
OM-YK,Colour reversal,14,Y,,,
OM-YK,Colour reversal,15,N,,,
OM-YK,Colour reversal,16,N,,,
OM-YK,Colour reversal,17,Y,,,
OM-YK,Colour reversal,18,Y,,,
OM-YK,Colour reversal,19,Y,,,
OM-YK,Colour reversal,20,N,,,
OM-YK,Colour reversal,21,Y,,,
OM-YK,Colour reversal,22,Y,,,
OM-YK,Colour reversal,23,Y,,,
OM-YK,Colour reversal,24,Y,,,
OM-YK,Colour reversal,25,N,,,
OM-YK,Colour reversal,26,N,,,
OM-YK,Colour reversal,27,N,,,
OM-YK,Colour reversal,28,N,,,
OM-YK,Colour reversal,29,N,,,
OM-YK,Colour reversal,30,Y,,,
OM-YK,Colour reversal,31,N,,,
OM-YK,Colour reversal,32,N,,,
OM-YK,Colour reversal,33,N,,,
OM-YK,Colour reversal,34,N,,,
OM-YK,Colour reversal,35,N,,,
OM-YK,Colour reversal,36,Y,,,
OM-YK,Colour reversal,37,Y,,,
OM-YK,Colour reversal,38,Y,,,
OM-YK,Colour reversal,39,N,,,
OM-YK,Colour reversal,40,N,,,
OM-YK,Colour reversal,41,Y,,,
OM-YK,Colour reversal,42,Y,,,
OM-YK,Colour reversal,43,N,,,
OM-YK,Colour reversal,44,N,,,
OM-YK,Colour reversal,45,N,,,
OM-YK,Colour reversal,46,Y,,,
OM-YK,Colour reversal,47,N,,,
OM-YK,Colour reversal,48,Y,,,
OM-YK,Colour reversal,49,Y,,,
OM-YK,Colour reversal,50,N,,,
OM-YK,Colour reversal,51,Y,,,
OM-YK,Colour reversal,52,Y,,,
OM-YK,Colour reversal,53,Y,,,
OM-YK,Colour reversal,54,Y,,,
OM-YK,Colour reversal,55,Y,,,
OM-YK,Colour reversal,56,Y,,,
OM-YK,Colour reversal,57,Y,,,
fPB-YM,Colour assoc.,Probe,N,,,
fPB-YM,Colour assoc.,1,N,,,
fPB-YM,Colour assoc.,2,Y,,,
fPB-YM,Colour assoc.,3,N,,,
fPB-YM,Colour assoc.,4,Y,,,
fPB-YM,Colour assoc.,5,N,,,
fPB-YM,Colour assoc.,6,N,,,
fPB-YM,Colour assoc.,7,N,,,
fPB-YM,Colour assoc.,8,N,,,
fPB-YM,Colour assoc.,9,Y,,,
fPB-YM,Colour assoc.,10,N,,,
fPB-YM,Colour assoc.,11,N,,,
fPB-YM,Colour assoc.,12,N,,,
fPB-YM,Colour assoc.,13,Y,,,
fPB-YM,Colour assoc.,14,Y,,,
fPB-YM,Colour assoc.,15,Y,,,
fPB-YM,Colour assoc.,16,N,,,
fPB-YM,Colour assoc.,17,N,,,
fPB-YM,Colour assoc.,18,N,,,
fPB-YM,Colour assoc.,19,Y,,,
fPB-YM,Colour assoc.,20,Y,,,
fPB-YM,Colour assoc.,21,N,,,
fPB-YM,Colour assoc.,22,N,,,
fPB-YM,Colour assoc.,23,Y,,,
fPB-YM,Colour assoc.,24,N,,,
fPB-YM,Colour assoc.,25,N,,,
fPB-YM,Colour assoc.,26,Y,,,
fPB-YM,Colour assoc.,27,N,,,
fPB-YM,Colour assoc.,28,N,,,
fPB-YM,Colour assoc.,29,N,,,
fPB-YM,Colour assoc.,30,Y,,,
fPB-YM,Colour assoc.,31,Y,,,
fPB-YM,Colour assoc.,32,N,,,
fPB-YM,Colour assoc.,33,Y,,,
fPB-YM,Colour assoc.,34,Y,,,
fPB-YM,Colour assoc.,35,Y,,,
fPB-YM,Colour assoc.,36,Y,,,
fPB-YM,Colour assoc.,37,N,,,
fPB-YM,Colour assoc.,38,Y,,,
fPB-YM,Colour assoc.,39,Y,,,
fPB-YM,Colour assoc.,40,Y,,,
fPB-YM,Colour assoc.,41,Y,,,
fPB-YM,Colour reversal,Probe,N,,,
fPB-YM,Colour reversal,1,N,,,
fPB-YM,Colour reversal,2,N,,,
fPB-YM,Colour reversal,3,N,,,
fPB-YM,Colour reversal,4,N,,,
fPB-YM,Colour reversal,5,N,,,
fPB-YM,Colour reversal,6,N,,,
fPB-YM,Colour reversal,7,N,,,
fPB-YM,Colour reversal,8,N,,,
fPB-YM,Colour reversal,9,N,,,
fPB-YM,Colour reversal,10,N,,,
fPB-YM,Colour reversal,11,N,,,
fPB-YM,Colour reversal,12,N,,,
fPB-YM,Colour reversal,13,N,,,
fPB-YM,Colour reversal,14,N,,,
fPB-YM,Colour reversal,15,N,,,
fPB-YM,Colour reversal,16,N,,,
fPB-YM,Colour reversal,17,N,,,
fPB-YM,Colour reversal,18,N,,,
fPB-YM,Colour reversal,19,N,,,
fPB-YM,Colour reversal,20,N,,,
fPB-YM,Colour reversal,21,Y,,,
fPB-YM,Colour reversal,22,N,,,
fPB-YM,Colour reversal,23,N,,,
fPB-YM,Colour reversal,24,N,,,
fPB-YM,Colour reversal,25,N,,,
fPB-YM,Colour reversal,26,N,,,
fPB-YM,Colour reversal,27,N,,,
fPB-YM,Colour reversal,28,N,,,
fPB-YM,Colour reversal,29,N,,,
fPB-YM,Colour reversal,30,N,,,
fPB-YM,Colour reversal,31,N,,,
fPB-YM,Colour reversal,32,Y,,,
fPB-YM,Colour reversal,33,N,,,
fPB-YM,Colour reversal,34,N,,,
fPB-YM,Colour reversal,35,N,,,
fPB-YM,Colour reversal,36,N,,,
fPB-YM,Colour reversal,37,N,,,
fPB-YM,Colour reversal,38,N,,,
fPB-YM,Colour reversal,39,N,,,
fPB-YM,Colour reversal,40,Y,,,
fPB-YM,Colour reversal,41,Y,,,
fPB-YM,Colour reversal,42,Y,,,
fPB-YM,Colour reversal,43,N,,,
fPB-YM,Colour reversal,44,N,,,
fPB-YM,Colour reversal,45,N,,,
fPB-YM,Colour reversal,46,N,,,
fPB-YM,Colour reversal,47,N,,,
fPB-YM,Colour reversal,48,N,,,
fPB-YM,Colour reversal,49,Y,,,
fPB-YM,Colour reversal,50,Y,,,
fPB-YM,Colour reversal,51,N,,,
fPB-YM,Colour reversal,52,Y,,,
fPB-YM,Colour reversal,46,Y,,,
fPB-YM,Colour reversal,47,Y,,,
fPB-YM,Colour reversal,48,Y,,,
fPB-YM,Colour reversal,49,N,,,
fPB-YM,Colour reversal,50,N,,,
fPB-YM,Colour reversal,51,N,,,
fPB-YM,Colour reversal,52,Y,,,
fPB-YM,Colour reversal,53,Y,,,
fPB-YM,Colour reversal,54,Y,,,
fPB-YM,Colour reversal,55,Y,,,
fPB-YM,Colour reversal,56,Y,,,
fPB-YM,Colour reversal,57,Y,,,
fPB-YM,Colour reversal,58,Y,,,
fPB-YM,Colour reversal,59,Y,,,
fPB-YM,Colour reversal,60,Y,,,
fPB-YM,Colour reversal,61,Y,,,
YpB-YM,Colour assoc.,Probe,Y,,,
YpB-YM,Colour assoc.,1,N,,,
YpB-YM,Colour assoc.,2,N,,,
YpB-YM,Colour assoc.,3,Y,,,
YpB-YM,Colour assoc.,4,N,,,
YpB-YM,Colour assoc.,5,N,,,
YpB-YM,Colour assoc.,6,N,,,
YpB-YM,Colour assoc.,7,N,,,
YpB-YM,Colour assoc.,8,N,,,
YpB-YM,Colour assoc.,9,Y,,,
YpB-YM,Colour assoc.,10,N,,,
YpB-YM,Colour assoc.,11,Y,,,
YpB-YM,Colour assoc.,12,N,,,
YpB-YM,Colour assoc.,13,N,,,
YpB-YM,Colour assoc.,14,N,,,
YpB-YM,Colour assoc.,15,Y,,,
YpB-YM,Colour assoc.,16,Y,,,
YpB-YM,Colour assoc.,17,Y,,,
YpB-YM,Colour assoc.,18,Y,,,
YpB-YM,Colour assoc.,19,Y,,,
YpB-YM,Colour assoc.,20,Y,,,
YpB-YM,Colour assoc.,21,Y,,,
YpB-YM,Colour assoc.,22,Y,,,
YpB-YM,Colour assoc.,23,Y,,,
YpB-YM,Colour assoc.,24,N,,,
YpB-YM,Colour assoc.,25,N,,,
YpB-YM,Colour assoc.,26,Y,,,
YpB-YM,Colour reversal,Probe,N,,,
YpB-YM,Colour reversal,1,N,,,
YpB-YM,Colour reversal,2,N,,,
YpB-YM,Colour reversal,3,N,,,
YpB-YM,Colour reversal,4,N,,,
YpB-YM,Colour reversal,5,N,,,
YpB-YM,Colour reversal,6,N,,,
YpB-YM,Colour reversal,7,N,,,
YpB-YM,Colour reversal,8,N,,,
YpB-YM,Colour reversal,9,Y,,,
YpB-YM,Colour reversal,10,Y,,,
YpB-YM,Colour reversal,11,N,,,
YpB-YM,Colour reversal,12,N,,,
YpB-YM,Colour reversal,13,N,,,
YpB-YM,Colour reversal,14,N,,,
YpB-YM,Colour reversal,15,Y,,,
YpB-YM,Colour reversal,16,Y,,,
YpB-YM,Colour reversal,17,Y,,,
YpB-YM,Colour reversal,18,Y,,,
YpB-YM,Colour reversal,19,N,,,
YpB-YM,Colour reversal,20,N,,,
YpB-YM,Colour reversal,21,Y,,,
YpB-YM,Colour reversal,22,Y,,,
YpB-YM,Colour reversal,23,N,,,
YpB-YM,Colour reversal,24,N,,,
YpB-YM,Colour reversal,25,Y,,,
YpB-YM,Colour reversal,26,N,,,
YpB-YM,Colour reversal,27,N,,,
YpB-YM,Colour reversal,28,Y,,,
YpB-YM,Colour reversal,29,Y,,,
YpB-YM,Colour reversal,30,N,,,
YpB-YM,Colour reversal,31,N,,,
YpB-YM,Colour reversal,32,Y,,,
YpB-YM,Colour reversal,33,N,,,
YpB-YM,Colour reversal,34,Y,,,
YpB-YM,Colour reversal,35,N,,,
YpB-YM,Colour reversal,36,Y,,,
YpB-YM,Colour reversal,37,Y,,,
YpB-YM,Colour reversal,38,Y,,,
YpB-YM,Colour reversal,39,Y,,,
YpB-YM,Colour reversal,40,N,,,
YpB-YM,Colour reversal,41,N,,,
YpB-YM,Colour reversal,42,Y,,,
YpB-YM,Colour reversal,43,Y,,,
YpB-YM,Colour reversal,44,Y,,,
YpB-YM,Colour reversal,45,Y,,,
YpB-YM,Colour reversal,46,Y,,,
YpB-YM,Colour reversal,47,N,,,
YpB-YM,Colour reversal,48,Y,,,
YpB-YM,Colour reversal,49,Y,,,
YpB-YM,Colour reversal,50,N,,,
YpB-YM,Colour reversal,51,Y,,,
YpB-YM,Colour reversal,52,Y,,,
YpB-YM,Colour reversal,53,Y,,,
BpB-YM,Colour assoc.,Probe,N,,,
BpB-YM,Colour assoc.,1,N,,,
BpB-YM,Colour assoc.,2,Y,,,
BpB-YM,Colour assoc.,3,N,,,
BpB-YM,Colour assoc.,4,Y,,,
BpB-YM,Colour assoc.,5,N,,,
BpB-YM,Colour assoc.,6,Y,,,
BpB-YM,Colour assoc.,7,Y,,,
BpB-YM,Colour assoc.,8,Y,,,
BpB-YM,Colour assoc.,9,Y,,,
BpB-YM,Colour assoc.,10,N,,,
BpB-YM,Colour assoc.,11,Y,,,
BpB-YM,Colour assoc.,12,N,,,
BpB-YM,Colour assoc.,13,N,,,
BpB-YM,Colour assoc.,14,N,,,
BpB-YM,Colour assoc.,15,N,,,
BpB-YM,Colour assoc.,16,Y,,,
BpB-YM,Colour assoc.,17,Y,,,
BpB-YM,Colour assoc.,18,N,,,
BpB-YM,Colour assoc.,19,N,,,
BpB-YM,Colour assoc.,20,Y,,,
BpB-YM,Colour assoc.,21,N,,,
BpB-YM,Colour assoc.,22,Y,,,
BpB-YM,Colour assoc.,23,Y,,,
BpB-YM,Colour assoc.,24,N,,,
BpB-YM,Colour assoc.,25,Y,,,
BpB-YM,Colour assoc.,26,Y,,,
BpB-YM,Colour assoc.,27,Y,,,
BpB-YM,Colour assoc.,28,N,,,
BpB-YM,Colour assoc.,29,Y,,,
BpB-YM,Colour assoc.,30,N,,,
BpB-YM,Colour assoc.,31,N,,,
BpB-YM,Colour assoc.,32,Y,,,
BpB-YM,Colour assoc.,33,N,,,
BpB-YM,Colour assoc.,34,N,,,
BpB-YM,Colour assoc.,35,Y,,,
BpB-YM,Colour assoc.,36,Y,,,
BpB-YM,Colour assoc.,37,Y,,,
BpB-YM,Colour assoc.,38,Y,,,
BpB-YM,Colour assoc.,39,Y,,,
BpB-YM,Colour assoc.,40,Y,,,
BpB-YM,Colour assoc.,41,N,,,
BpB-YM,Colour assoc.,42,Y,,,
BpB-YM,Colour assoc.,43,Y,,,
BpB-YM,Colour assoc.,44,N,,,
BpB-YM,Colour assoc.,45,Y,,,
BpB-YM,Colour assoc.,46,N,,,
BpB-YM,Colour assoc.,47,Y,,,
BpB-YM,Colour assoc.,48,N,,,
BpB-YM,Colour assoc.,49,N,,,
BpB-YM,Colour assoc.,50,Y,,,
BpB-YM,Colour assoc.,51,N,,,
BpB-YM,Colour assoc.,52,Y,,,
BpB-YM,Colour assoc.,53,Y,,,
BpB-YM,Colour assoc.,54,Y,,,
BpB-YM,Colour assoc.,55,Y,,,
BpB-YM,Colour assoc.,56,Y,,,
BpB-YM,Colour assoc.,57,Y,,,
BpB-YM,Colour assoc.,58,Y,,,
BpB-YM,Colour assoc.,59,Y,,,
BpB-YM,Colour assoc.,60,Y,,,
BpB-YM,Colour reversal,Probe,N,,,
BpB-YM,Colour reversal,1,N,,,
BpB-YM,Colour reversal,2,N,,,
BpB-YM,Colour reversal,3,N,,,
BpB-YM,Colour reversal,4,N,,,
BpB-YM,Colour reversal,5,N,,,
BpB-YM,Colour reversal,6,N,,,
BpB-YM,Colour reversal,7,N,,,
BpB-YM,Colour reversal,8,N,,,
BpB-YM,Colour reversal,9,N,,,
BpB-YM,Colour reversal,10,N,,,
BpB-YM,Colour reversal,11,N,,,
BpB-YM,Colour reversal,12,N,,,
BpB-YM,Colour reversal,13,N,,,
BpB-YM,Colour reversal,14,N,,,
BpB-YM,Colour reversal,15,N,,,
BpB-YM,Colour reversal,16,N,,,
BpB-YM,Colour reversal,17,N,,,
BpB-YM,Colour reversal,18,N,,,
BpB-YM,Colour reversal,19,N,,,
BpB-YM,Colour reversal,20,N,,,
BpB-YM,Colour reversal,21,N,,,
BpB-YM,Colour reversal,22,N,,,
BpB-YM,Colour reversal,23,Y,,,
BpB-YM,Colour reversal,24,Y,,,
BpB-YM,Colour reversal,25,N,,,
BpB-YM,Colour reversal,26,Y,,,
BpB-YM,Colour reversal,27,N,,,
BpB-YM,Colour reversal,28,N,,,
BpB-YM,Colour reversal,29,N,,,
BpB-YM,Colour reversal,30,Y,,,
BpB-YM,Colour reversal,31,N,,,
BpB-YM,Colour reversal,32,N,,,
BpB-YM,Colour reversal,33,N,,,
BpB-YM,Colour reversal,34,Y,,,
BpB-YM,Colour reversal,35,N,,,
BpB-YM,Colour reversal,36,N,,,
BpB-YM,Colour reversal,37,Y,,,
BpB-YM,Colour reversal,38,N,,,
BpB-YM,Colour reversal,39,N,,,
BpB-YM,Colour reversal,40,Y,,,
BpB-YM,Colour reversal,41,N,,,
BpB-YM,Colour reversal,42,Y,,,
BpB-YM,Colour reversal,43,N,,,
BpB-YM,Colour reversal,44,Y,,,
BpB-YM,Colour reversal,45,N,,,
BpB-YM,Colour reversal,46,Y,,,
BpB-YM,Colour reversal,47,N,,,
BpB-YM,Colour reversal,48,Y,,,
BpB-YM,Colour reversal,49,N,,,
BpB-YM,Colour reversal,50,Y,,,
BpB-YM,Colour reversal,51,N,,,
BpB-YM,Colour reversal,52,Y,,,
BpB-YM,Colour reversal,53,N,,,
BpB-YM,Colour reversal,54,Y,,,
BpB-YM,Colour reversal,55,Y,,,
BpB-YM,Colour reversal,56,Y,,,
BpB-YM,Colour reversal,57,N,,,
BpB-YM,Colour reversal,58,N,,,
BpB-YM,Colour reversal,59,Y,,,
BpB-YM,Colour reversal,60,Y,,,
BpB-YM,Colour reversal,61,Y,,,
BpB-YM,Colour reversal,62,Y,,,
BpB-YM,Colour reversal,63,Y,,,
BpB-YM,Colour reversal,64,Y,,,
BpB-YM,Colour reversal,65,Y,,,
fPfP-YM,Colour assoc.,Probe,N,,,
fPfP-YM,Colour assoc.,1,N,,,
fPfP-YM,Colour assoc.,2,N,,,
fPfP-YM,Colour assoc.,3,N,,,
fPfP-YM,Colour assoc.,4,N,,,
fPfP-YM,Colour assoc.,5,N,,,
fPfP-YM,Colour assoc.,6,N,,,
fPfP-YM,Colour assoc.,7,N,,,
fPfP-YM,Colour assoc.,8,N,,,
fPfP-YM,Colour assoc.,9,Y,,,
fPfP-YM,Colour assoc.,10,N,,,
fPfP-YM,Colour assoc.,11,N,,,
fPfP-YM,Colour assoc.,12,Y,,,
fPfP-YM,Colour assoc.,13,N,,,
fPfP-YM,Colour assoc.,14,N,,,
fPfP-YM,Colour assoc.,15,N,,,
fPfP-YM,Colour assoc.,16,N,,,
fPfP-YM,Colour assoc.,17,N,,,
fPfP-YM,Colour assoc.,18,N,,,
fPfP-YM,Colour assoc.,19,Y,,,
fPfP-YM,Colour assoc.,20,N,,,
fPfP-YM,Colour assoc.,21,Y,,,
fPfP-YM,Colour assoc.,22,N,,,
fPfP-YM,Colour assoc.,23,N,,,
fPfP-YM,Colour assoc.,24,Y,,,
fPfP-YM,Colour assoc.,25,N,,,
fPfP-YM,Colour assoc.,26,Y,,,
fPfP-YM,Colour assoc.,27,N,,,
fPfP-YM,Colour assoc.,28,N,,,
fPfP-YM,Colour assoc.,29,N,,,
fPfP-YM,Colour assoc.,30,N,,,
fPfP-YM,Colour assoc.,31,N,,,
fPfP-YM,Colour assoc.,32,N,,,
fPfP-YM,Colour assoc.,33,Y,,,
fPfP-YM,Colour assoc.,34,N,,,
fPfP-YM,Colour assoc.,35,Y,,,
fPfP-YM,Colour assoc.,36,N,,,
fPfP-YM,Colour assoc.,37,N,,,
fPfP-YM,Colour assoc.,38,Y,,,
fPfP-YM,Colour assoc.,39,N,,,
fPfP-YM,Colour assoc.,40,Y,,,
fPfP-YM,Colour assoc.,41,Y,,,
fPfP-YM,Colour assoc.,42,N,,,
fPfP-YM,Colour assoc.,43,N,,,
fPfP-YM,Colour assoc.,44,Y,,,
fPfP-YM,Colour assoc.,45,N,,,
fPfP-YM,Colour assoc.,46,N,,,
fPfP-YM,Colour assoc.,47,Y,,,
fPfP-YM,Colour assoc.,48,Y,,,
fPfP-YM,Colour assoc.,49,Y,,,
fPfP-YM,Colour assoc.,50,Y,,,
fPfP-YM,Colour assoc.,51,N,,,
fPfP-YM,Colour assoc.,52,Y,,,
fPfP-YM,Colour assoc.,53,Y,,,
fPfP-YM,Colour assoc.,54,N,,,
fPfP-YM,Colour assoc.,55,Y,,,
fPfP-YM,Colour assoc.,56,Y,,,
fPfP-YM,Colour assoc.,57,Y,,,
fPfP-YM,Colour assoc.,58,Y,,,
fPfP-YM,Colour reversal,Probe,N,,,
fPfP-YM,Colour reversal,1,N,,,
fPfP-YM,Colour reversal,2,N,,,
fPfP-YM,Colour reversal,3,N,,,
fPfP-YM,Colour reversal,4,N,,,
fPfP-YM,Colour reversal,5,N,,,
fPfP-YM,Colour reversal,6,Y,,,
fPfP-YM,Colour reversal,7,N,,,
fPfP-YM,Colour reversal,8,N,,,
fPfP-YM,Colour reversal,9,N,,,
fPfP-YM,Colour reversal,10,N,,,
fPfP-YM,Colour reversal,11,N,,,
fPfP-YM,Colour reversal,12,N,,,
fPfP-YM,Colour reversal,13,N,,,
fPfP-YM,Colour reversal,14,N,,,
fPfP-YM,Colour reversal,15,N,,,
fPfP-YM,Colour reversal,16,N,,,
fPfP-YM,Colour reversal,17,Y,,,
fPfP-YM,Colour reversal,18,N,,,
fPfP-YM,Colour reversal,19,Y,,,
fPfP-YM,Colour reversal,20,N,,,
fPfP-YM,Colour reversal,21,Y,,,
fPfP-YM,Colour reversal,22,Y,,,
fPfP-YM,Colour reversal,23,N,,,
fPfP-YM,Colour reversal,24,N,,,
fPfP-YM,Colour reversal,25,N,,,
fPfP-YM,Colour reversal,26,Y,,,
fPfP-YM,Colour reversal,27,Y,,,
fPfP-YM,Colour reversal,28,Y,,,
fPfP-YM,Colour reversal,29,N,,,
fPfP-YM,Colour reversal,30,N,,,
fPfP-YM,Colour reversal,31,N,,,
fPfP-YM,Colour reversal,32,Y,,,
fPfP-YM,Colour reversal,33,N,,,
fPfP-YM,Colour reversal,34,Y,,,
fPfP-YM,Colour reversal,35,N,,,
fPfP-YM,Colour reversal,36,N,,,
fPfP-YM,Colour reversal,37,N,,,
fPfP-YM,Colour reversal,38,N,,,
fPfP-YM,Colour reversal,39,Y,,,
fPfP-YM,Colour reversal,40,N,,,
fPfP-YM,Colour reversal,41,Y,,,
fPfP-YM,Colour reversal,42,N,,,
fPfP-YM,Colour reversal,43,Y,,,
fPfP-YM,Colour reversal,44,Y,,,
fPfP-YM,Colour reversal,45,Y,,,
fPfP-YM,Colour reversal,46,Y,,,
fPfP-YM,Colour reversal,47,Y,,,
fPfP-YM,Colour reversal,48,N,,,
fPfP-YM,Colour reversal,49,Y,,,
fPfP-YM,Colour reversal,50,Y,,,
fPfP-YM,Colour reversal,51,Y,,,
fPfP-YM,Colour reversal,52,Y,,,
fPfP-YM,Colour reversal,53,N,,,
BY-YM,Colour assoc.,Probe,N,,,
BY-YM,Colour assoc.,1,N,,,
BY-YM,Colour assoc.,2,N,,,
BY-YM,Colour assoc.,3,N,,,
BY-YM,Colour assoc.,4,Y,,,
BY-YM,Colour assoc.,5,N,,,
BY-YM,Colour assoc.,6,Y,,,
BY-YM,Colour assoc.,7,N,,,
BY-YM,Colour assoc.,8,N,,,
BY-YM,Colour assoc.,9,N,,,
BY-YM,Colour assoc.,10,N,,,
BY-YM,Colour assoc.,11,N,,,
BY-YM,Colour assoc.,12,N,,,
BY-YM,Colour assoc.,13,N,,,
BY-YM,Colour assoc.,14,N,,,
BY-YM,Colour assoc.,15,N,,,
BY-YM,Colour assoc.,16,N,,,
BY-YM,Colour assoc.,17,Y,,,
BY-YM,Colour assoc.,18,Y,,,
BY-YM,Colour assoc.,19,Y,,,
BY-YM,Colour assoc.,20,Y,,,
BY-YM,Colour assoc.,21,N,,,
BY-YM,Colour assoc.,22,Y,,,
BY-YM,Colour assoc.,23,N,,,
BY-YM,Colour assoc.,24,N,,,
BY-YM,Colour assoc.,25,Y,,,
BY-YM,Colour assoc.,26,Y,,,
BY-YM,Colour assoc.,27,N,,,
BY-YM,Colour assoc.,28,N,,,
BY-YM,Colour assoc.,29,N,,,
BY-YM,Colour assoc.,30,Y,,,
BY-YM,Colour assoc.,31,Y,,,
BY-YM,Colour assoc.,32,Y,,,
BY-YM,Colour assoc.,33,Y,,,
BY-YM,Colour assoc.,34,Y,,,
BY-YM,Colour assoc.,35,N,,,
BY-YM,Colour assoc.,36,Y,,,
BY-YM,Colour assoc.,37,N,,,
BY-YM,Colour assoc.,38,N,,,
BY-YM,Colour assoc.,39,Y,,,
BY-YM,Colour assoc.,40,N,,,
BY-YM,Colour assoc.,41,Y,,,
BY-YM,Colour assoc.,42,Y,,,
BY-YM,Colour assoc.,43,Y,,,
BY-YM,Colour assoc.,44,Y,,,
BY-YM,Colour assoc.,45,Y,,,
BY-YM,Colour assoc.,46,Y,,,
BY-YM,Colour assoc.,47,Y,,,
BY-YM,Colour assoc.,48,Y,,,
BY-YM,Colour assoc.,49,N,,,
BY-YM,Colour assoc.,50,Y,,,
BY-YM,Colour reversal,Probe,N,,,
BY-YM,Colour reversal,1,N,,,
BY-YM,Colour reversal,2,N,,,
BY-YM,Colour reversal,3,Y,,,
BY-YM,Colour reversal,4,N,,,
BY-YM,Colour reversal,5,N,,,
BY-YM,Colour reversal,6,Y,,,
BY-YM,Colour reversal,7,Y,,,
BY-YM,Colour reversal,8,N,,,
BY-YM,Colour reversal,9,N,,,
BY-YM,Colour reversal,10,N,,,
BY-YM,Colour reversal,11,N,,,
BY-YM,Colour reversal,12,Y,,,
BY-YM,Colour reversal,13,Y,,,
BY-YM,Colour reversal,14,N,,,
BY-YM,Colour reversal,15,N,,,
BY-YM,Colour reversal,16,Y,,,
BY-YM,Colour reversal,17,N,,,
BY-YM,Colour reversal,18,N,,,
BY-YM,Colour reversal,19,N,,,
BY-YM,Colour reversal,20,N,,,
BY-YM,Colour reversal,21,N,,,
BY-YM,Colour reversal,22,Y,,,
BY-YM,Colour reversal,23,N,,,
BY-YM,Colour reversal,24,N,,,
BY-YM,Colour reversal,25,Y,,,
BY-YM,Colour reversal,26,N,,,
BY-YM,Colour reversal,27,N,,,
BY-YM,Colour reversal,28,Y,,,
BY-YM,Colour reversal,29,N,,,
BY-YM,Colour reversal,30,Y,,,
BY-YM,Colour reversal,31,N,,,
BY-YM,Colour reversal,32,N,,,
BY-YM,Colour reversal,33,Y,,,
BY-YM,Colour reversal,34,Y,,,
BY-YM,Colour reversal,35,Y,,,
BY-YM,Colour reversal,36,N,,,
BY-YM,Colour reversal,37,N,,,
BY-YM,Colour reversal,38,Y,,,
BY-YM,Colour reversal,39,Y,,,
BY-YM,Colour reversal,40,N,,,
BY-YM,Colour reversal,41,N,,,
BY-YM,Colour reversal,42,N,,,
BY-YM,Colour reversal,43,N,,,
BY-YM,Colour reversal,44,Y,,,
BY-YM,Colour reversal,45,N,,,
BY-YM,Colour reversal,46,Y,,,
BY-YM,Colour reversal,47,Y,,,
BY-YM,Colour reversal,48,N,,,
BY-YM,Colour reversal,49,N,,,
BY-YM,Colour reversal,50,N,,,
BY-YM,Colour reversal,51,Y,,,
BY-YM,Colour reversal,52,Y,,,
BY-YM,Colour reversal,53,Y,,,
BY-YM,Colour reversal,54,N,,,
BY-YM,Colour reversal,55,Y,,,
BY-YM,Colour reversal,56,Y,,,
BY-YM,Colour reversal,57,Y,,,
BY-YM,Colour reversal,58,Y,,,
BY-YM,Colour reversal,59,Y,,,
BY-YM,Colour reversal,60,Y,,,
BY-YM,Colour reversal,61,Y,,,
BY-YM,Colour reversal,62,Y,,,
BM-YW,Colour assoc.,Probe,N,,,
BM-YW,Colour assoc.,1,N,,,
BM-YW,Colour assoc.,2,N,,,
BM-YW,Colour assoc.,3,N,,,
BM-YW,Colour assoc.,4,Y,,,
BM-YW,Colour assoc.,5,Y,,,
BM-YW,Colour assoc.,6,N,,,
BM-YW,Colour assoc.,7,N,,,
BM-YW,Colour assoc.,8,N,,,
BM-YW,Colour assoc.,9,N,,,
BM-YW,Colour assoc.,10,Y,,,
BM-YW,Colour assoc.,11,N,,,
BM-YW,Colour assoc.,12,N,,,
BM-YW,Colour assoc.,13,N,,,
BM-YW,Colour assoc.,14,N,,,
BM-YW,Colour assoc.,15,Y,,,
BM-YW,Colour assoc.,16,Y,,,
BM-YW,Colour assoc.,17,Y,,,
BM-YW,Colour assoc.,18,N,,,
BM-YW,Colour assoc.,19,N,,,
BM-YW,Colour assoc.,20,Y,,,
BM-YW,Colour assoc.,21,Y,,,
BM-YW,Colour assoc.,22,Y,,,
BM-YW,Colour assoc.,23,Y,,,
BM-YW,Colour assoc.,24,Y,,,
BM-YW,Colour assoc.,25,N,,,
BM-YW,Colour assoc.,26,N,,,
BM-YW,Colour assoc.,27,Y,,,
BM-YW,Colour assoc.,28,Y,,,
BM-YW,Colour assoc.,29,N,,,
BM-YW,Colour assoc.,30,Y,,,
BM-YW,Colour assoc.,31,Y,,,
BM-YW,Colour assoc.,32,Y,,,
BM-YW,Colour assoc.,33,Y,,,
BM-YW,Colour assoc.,34,Y,,,
BM-YW,Colour assoc.,35,Y,,,
BM-YW,Colour assoc.,36,N,,,
BM-YW,Colour assoc.,37,N,,,
BM-YW,Colour assoc.,38,Y,,,
BM-YW,Colour assoc.,39,Y,,,
BM-YW,Colour assoc.,40,Y,,,
BM-YW,Colour assoc.,41,Y,,,
BM-YW,Colour reversal,Probe,Y,,,
BM-YW,Colour reversal,1,N,,,
BM-YW,Colour reversal,2,N,,,
BM-YW,Colour reversal,3,Y,,,
BM-YW,Colour reversal,4,N,,,
BM-YW,Colour reversal,5,N,,,
BM-YW,Colour reversal,6,N,,,
BM-YW,Colour reversal,7,N,,,
BM-YW,Colour reversal,8,Y,,,
BM-YW,Colour reversal,9,Y,,,
BM-YW,Colour reversal,10,N,,,
BM-YW,Colour reversal,11,N,,,
BM-YW,Colour reversal,12,Y,,,
BM-YW,Colour reversal,13,N,,,
BM-YW,Colour reversal,14,N,,,
BM-YW,Colour reversal,15,N,,,
BM-YW,Colour reversal,16,Y,,,
BM-YW,Colour reversal,17,N,,,
BM-YW,Colour reversal,18,N,,,
BM-YW,Colour reversal,19,Y,,,
BM-YW,Colour reversal,20,N,,,
BM-YW,Colour reversal,21,N,,,
BM-YW,Colour reversal,22,Y,,,
BM-YW,Colour reversal,23,Y,,,
BM-YW,Colour reversal,24,N,,,
BM-YW,Colour reversal,25,Y,,,
BM-YW,Colour reversal,26,N,,,
BM-YW,Colour reversal,27,Y,,,
BM-YW,Colour reversal,28,Y,,,
BM-YW,Colour reversal,29,N,,,
BM-YW,Colour reversal,30,Y,,,
BM-YW,Colour reversal,31,Y,,,
BM-YW,Colour reversal,32,Y,,,
BM-YW,Colour reversal,33,Y,,,
BM-YW,Colour reversal,34,N,,,
BM-YW,Colour reversal,35,N,,,
BM-YW,Colour reversal,36,Y,,,
BM-YW,Colour reversal,37,N,,,
BM-YW,Colour reversal,38,Y,,,
BM-YW,Colour reversal,39,N,,,
BM-YW,Colour reversal,40,Y,,,
BM-YW,Colour reversal,41,N,,,
BM-YW,Colour reversal,42,N,,,
BM-YW,Colour reversal,43,Y,,,
BM-YW,Colour reversal,44,Y,,,
BM-YW,Colour reversal,45,Y,,,
BM-YW,Colour reversal,46,N,,,
BM-YW,Colour reversal,47,Y,,,
BM-YW,Colour reversal,48,Y,,,
BM-YW,Colour reversal,49,Y,,,
BM-YW,Colour reversal,50,Y,,,
BM-YW,Colour reversal,51,N,,,
BM-YW,Colour reversal,52,Y,,,
BM-YW,Colour reversal,53,Y,,,
BM-YW,Colour reversal,54,Y,,,
YR-YM,Colour assoc.,Probe,N,,,
YR-YM,Colour assoc.,1,N,,,
YR-YM,Colour assoc.,2,Y,,,
YR-YM,Colour assoc.,3,Y,,,
YR-YM,Colour assoc.,4,N,,,
YR-YM,Colour assoc.,5,Y,,,
YR-YM,Colour assoc.,6,N,,,
YR-YM,Colour assoc.,7,Y,,,
YR-YM,Colour assoc.,8,Y,,,
YR-YM,Colour assoc.,9,N,,,
YR-YM,Colour assoc.,10,Y,,,
YR-YM,Colour assoc.,11,Y,,,
YR-YM,Colour assoc.,12,Y,,,
YR-YM,Colour assoc.,13,N,,,
YR-YM,Colour assoc.,14,N,,,
YR-YM,Colour assoc.,15,Y,,,
YR-YM,Colour assoc.,16,Y,,,
YR-YM,Colour assoc.,17,N,,,
YR-YM,Colour assoc.,18,Y,,,
YR-YM,Colour assoc.,19,Y,,,
YR-YM,Colour assoc.,20,Y,,,
YR-YM,Colour assoc.,21,Y,,,
YR-YM,Colour assoc.,22,Y,,,
YR-YM,Colour assoc.,23,Y,,,
YR-YM,Colour assoc.,24,Y,,,
YR-YM,Colour assoc.,25,Y,,,
YR-YM,Colour reversal,Probe,N,,,
YR-YM,Colour reversal,1,N,,,
YR-YM,Colour reversal,2,N,,,
YR-YM,Colour reversal,3,Y,,,
YR-YM,Colour reversal,4,N,,,
YR-YM,Colour reversal,5,N,,,
YR-YM,Colour reversal,6,Y,,,
YR-YM,Colour reversal,7,N,,,
YR-YM,Colour reversal,8,N,,,
YR-YM,Colour reversal,9,N,,,
YR-YM,Colour reversal,10,Y,,,
YR-YM,Colour reversal,11,N,,,
YR-YM,Colour reversal,12,N,,,
YR-YM,Colour reversal,13,N,,,
YR-YM,Colour reversal,14,Y,,,
YR-YM,Colour reversal,15,Y,,,
YR-YM,Colour reversal,16,Y,,,
YR-YM,Colour reversal,17,N,,,
YR-YM,Colour reversal,18,Y,,,
YR-YM,Colour reversal,19,N,,,
YR-YM,Colour reversal,20,Y,,,
YR-YM,Colour reversal,21,Y,,,
YR-YM,Colour reversal,22,N,,,
YR-YM,Colour reversal,23,Y,,,
YR-YM,Colour reversal,24,Y,,,
YR-YM,Colour reversal,25,N,,,
YR-YM,Colour reversal,26,N,,,
YR-YM,Colour reversal,27,N,,,
YR-YM,Colour reversal,28,Y,,,
YR-YM,Colour reversal,29,Y,,,
YR-YM,Colour reversal,30,N,,,
YR-YM,Colour reversal,31,Y,,,
YR-YM,Colour reversal,32,Y,,,
YR-YM,Colour reversal,33,Y,,,
YR-YM,Colour reversal,34,Y,,,
YR-YM,Colour reversal,35,Y,,,
YR-YM,Colour reversal,36,Y,,,
YR-YM,Colour reversal,37,Y,,,
YR-YM,Colour reversal,38,Y,,,
YR-YM,Colour reversal,39,N,,,
YR-YM,Colour reversal,40,Y,,,
fPM-YpB,Colour assoc.,Probe,Y,,,
fPM-YpB,Colour assoc.,1,Y,,,
fPM-YpB,Colour assoc.,2,N,,,
fPM-YpB,Colour assoc.,3,N,,,
fPM-YpB,Colour assoc.,4,Y,,,
fPM-YpB,Colour assoc.,5,Y,,,
fPM-YpB,Colour assoc.,6,Y,,,
fPM-YpB,Colour assoc.,7,Y,,,
fPM-YpB,Colour assoc.,8,Y,,,
fPM-YpB,Colour assoc.,9,N,,,
fPM-YpB,Colour assoc.,10,Y,,,
fPM-YpB,Colour assoc.,11,Y,,,
fPM-YpB,Colour assoc.,12,Y,,,
fPM-YpB,Colour assoc.,13,Y,,,
fPM-YpB,Colour assoc.,14,N,,,
fPM-YpB,Colour assoc.,15,Y,,,
fPM-YpB,Colour reversal,Probe,N,,,
fPM-YpB,Colour reversal,1,N,,,
fPM-YpB,Colour reversal,2,N,,,
fPM-YpB,Colour reversal,3,N,,,
fPM-YpB,Colour reversal,4,N,,,
fPM-YpB,Colour reversal,5,N,,,
fPM-YpB,Colour reversal,6,N,,,
fPM-YpB,Colour reversal,7,Y,,,
fPM-YpB,Colour reversal,8,N,,,
fPM-YpB,Colour reversal,9,N,,,
fPM-YpB,Colour reversal,10,N,,,
fPM-YpB,Colour reversal,11,Y,,,
fPM-YpB,Colour reversal,12,N,,,
fPM-YpB,Colour reversal,13,N,,,
fPM-YpB,Colour reversal,14,Y,,,
fPM-YpB,Colour reversal,15,Y,,,
fPM-YpB,Colour reversal,16,N,,,
fPM-YpB,Colour reversal,17,Y,,,
fPM-YpB,Colour reversal,18,N,,,
fPM-YpB,Colour reversal,19,Y,,,
fPM-YpB,Colour reversal,20,Y,,,
fPM-YpB,Colour reversal,21,N,,,
fPM-YpB,Colour reversal,22,N,,,
fPM-YpB,Colour reversal,23,N,,,
fPM-YpB,Colour reversal,24,Y,,,
fPM-YpB,Colour reversal,25,N,,,
fPM-YpB,Colour reversal,26,Y,,,
fPM-YpB,Colour reversal,27,Y,,,
fPM-YpB,Colour reversal,28,Y,,,
fPM-YpB,Colour reversal,29,N,,,
fPM-YpB,Colour reversal,30,Y,,,
fPM-YpB,Colour reversal,31,Y,,,
fPM-YpB,Colour reversal,32,Y,,,
fPM-YpB,Colour reversal,33,Y,,,
fPM-YpB,Colour reversal,34,Y,,,
fPM-YpB,Colour reversal,35,N,,,
fPM-YpB,Colour reversal,36,Y,,,
fPM-YpB,Colour reversal,37,N,,,
fPM-YpB,Colour reversal,38,N,,,
fPM-YpB,Colour reversal,39,Y,,,
fPM-YpB,Colour reversal,40,Y,,,
fPM-YpB,Colour reversal,41,Y,,,
fPM-YpB,Colour reversal,42,Y,,,
fPM-YpB,Colour reversal,43,Y,,,
fPM-YpB,Colour reversal,44,Y,,,
fPM-YpB,Colour reversal,45,Y,,,
fPM-YpB,Colour reversal,46,Y,,,
fPM-YpB,Colour reversal,47,Y,,,
fPM-YpB,Colour reversal,48,Y,,,
WG-YM,Colour assoc.,Probe,Y,,,
WG-YM,Colour assoc.,1,N,,,
WG-YM,Colour assoc.,2,N,,,
WG-YM,Colour assoc.,3,Y,,,
WG-YM,Colour assoc.,4,N,,,
WG-YM,Colour assoc.,5,Y,,,
WG-YM,Colour assoc.,6,N,,,
WG-YM,Colour assoc.,7,Y,,,
WG-YM,Colour assoc.,8,Y,,,
WG-YM,Colour assoc.,9,Y,,,
WG-YM,Colour assoc.,10,Y,,,
WG-YM,Colour assoc.,11,Y,,,
WG-YM,Colour assoc.,12,N,,,
WG-YM,Colour assoc.,13,Y,,,
WG-YM,Colour assoc.,14,Y,,,
WG-YM,Colour assoc.,15,Y,,,
WG-YM,Colour assoc.,16,Y,,,
WG-YM,Colour reversal,Probe,N,,,
WG-YM,Colour reversal,1,N,,,
WG-YM,Colour reversal,2,N,,,
WG-YM,Colour reversal,3,Y,,,
WG-YM,Colour reversal,4,N,,,
WG-YM,Colour reversal,5,N,,,
WG-YM,Colour reversal,6,N,,,
WG-YM,Colour reversal,7,Y,,,
WG-YM,Colour reversal,8,Y,,,
WG-YM,Colour reversal,9,N,,,
WG-YM,Colour reversal,10,N,,,
WG-YM,Colour reversal,11,N,,,
WG-YM,Colour reversal,12,N,,,
WG-YM,Colour reversal,13,N,,,
WG-YM,Colour reversal,14,N,,,
WG-YM,Colour reversal,15,Y,,,
WG-YM,Colour reversal,16,N,,,
WG-YM,Colour reversal,17,N,,,
WG-YM,Colour reversal,18,N,,,
WG-YM,Colour reversal,19,N,,,
WG-YM,Colour reversal,20,N,,,
WG-YM,Colour reversal,21,Y,,,
WG-YM,Colour reversal,22,Y,,,
WG-YM,Colour reversal,23,N,,,
WG-YM,Colour reversal,24,N,,,
WG-YM,Colour reversal,25,N,,,
WG-YM,Colour reversal,26,Y,,,
WG-YM,Colour reversal,27,N,,,
WG-YM,Colour reversal,28,Y,,,
WG-YM,Colour reversal,29,Y,,,
WG-YM,Colour reversal,30,N,,,
WG-YM,Colour reversal,31,N,,,
WG-YM,Colour reversal,32,N,,,
WG-YM,Colour reversal,33,N,,,
WG-YM,Colour reversal,34,Y,,,
WG-YM,Colour reversal,35,Y,,,
WG-YM,Colour reversal,36,N,,,
WG-YM,Colour reversal,37,N,,,
WG-YM,Colour reversal,38,N,,,
WG-YM,Colour reversal,39,N,,,
WG-YM,Colour reversal,40,Y,,,
WG-YM,Colour reversal,41,N,,,
WG-YM,Colour reversal,42,N,,,
WG-YM,Colour reversal,43,Y,,,
WG-YM,Colour reversal,44,Y,,,
WG-YM,Colour reversal,45,Y,,,
WG-YM,Colour reversal,46,Y,,,
WG-YM,Colour reversal,47,Y,,,
WG-YM,Colour reversal,48,N,,,
WG-YM,Colour reversal,49,N,,,
WG-YM,Colour reversal,50,Y,,,
WG-YM,Colour reversal,51,Y,,,
WG-YM,Colour reversal,52,Y,,,
WG-YM,Colour reversal,53,N,,,
WG-YM,Colour reversal,54,Y,,,
WG-YM,Colour reversal,55,Y,,,
WG-YM,Colour reversal,56,N,,,
WG-YM,Colour reversal,57,N,,,
WG-YM,Colour reversal,58,N,,,
WG-YM,Colour reversal,59,Y,,,
WG-YM,Colour reversal,60,Y,,,
WG-YM,Colour reversal,61,Y,,,
WG-YM,Colour reversal,62,N,,,
WG-YM,Colour reversal,63,N,,,
WG-YM,Colour reversal,64,N,,,
WG-YM,Colour reversal,65,Y,,,
WG-YM,Colour reversal,66,Y,,,
WG-YM,Colour reversal,67,Y,,,
WG-YM,Colour reversal,68,N,,,
WG-YM,Colour reversal,69,N,,,
WG-YM,Colour reversal,70,Y,,,
WG-YM,Colour reversal,71,Y,,,
WG-YM,Colour reversal,72,Y,,,
WG-YM,Colour reversal,73,Y,,,
WG-YM,Colour reversal,74,Y,,,
WG-YM,Colour reversal,75,Y,,,
WG-YM,Colour reversal,76,Y,,,
GPB-YM,Colour assoc.,Probe,N,,,
GPB-YM,Colour assoc.,1,Y,,,
GPB-YM,Colour assoc.,2,N,,,
GPB-YM,Colour assoc.,3,N,,,
GPB-YM,Colour assoc.,4,N,,,
GPB-YM,Colour assoc.,5,Y,,,
GPB-YM,Colour assoc.,6,N,,,
GPB-YM,Colour assoc.,7,N,,,
GPB-YM,Colour assoc.,8,N,,,
GPB-YM,Colour assoc.,9,Y,,,
GPB-YM,Colour assoc.,10,N,,,
GPB-YM,Colour assoc.,11,N,,,
GPB-YM,Colour assoc.,12,N,,,
GPB-YM,Colour assoc.,13,N,,,
GPB-YM,Colour assoc.,14,N,,,
GPB-YM,Colour assoc.,15,N,,,
GPB-YM,Colour assoc.,16,N,,,
GPB-YM,Colour assoc.,17,N,,,
GPB-YM,Colour assoc.,18,Y,,,
GPB-YM,Colour assoc.,19,N,,,
GPB-YM,Colour assoc.,20,N,,,
GPB-YM,Colour assoc.,21,N,,,
GPB-YM,Colour assoc.,22,N,,,
GPB-YM,Colour assoc.,23,N,,,
GPB-YM,Colour assoc.,24,N,,,
GPB-YM,Colour assoc.,25,Y,,,
GPB-YM,Colour assoc.,26,N,,,
GPB-YM,Colour assoc.,27,N,,,
GPB-YM,Colour assoc.,28,N,,,
GPB-YM,Colour assoc.,29,N,,,
GPB-YM,Colour assoc.,30,N,,,
GPB-YM,Colour assoc.,31,Y,,,
GPB-YM,Colour assoc.,32,Y,,,
GPB-YM,Colour assoc.,33,N,,,
GPB-YM,Colour assoc.,34,N,,,
GPB-YM,Colour assoc.,35,Y,,,
GPB-YM,Colour assoc.,36,N,,,
GPB-YM,Colour assoc.,37,N,,,
GPB-YM,Colour assoc.,38,Y,,,
GPB-YM,Colour assoc.,39,N,,,
GPB-YM,Colour assoc.,40,Y,,,
GPB-YM,Colour assoc.,41,Y,,,
GPB-YM,Colour assoc.,42,Y,,,
GPB-YM,Colour assoc.,43,N,,,
GPB-YM,Colour assoc.,44,Y,,,
GPB-YM,Colour assoc.,45,N,,,
GPB-YM,Colour assoc.,46,N,,,
GPB-YM,Colour assoc.,47,Y,,,
GPB-YM,Colour assoc.,48,Y,,,
GPB-YM,Colour assoc.,49,N,,,
GPB-YM,Colour assoc.,50,N,,,
GPB-YM,Colour assoc.,51,Y,,,
GPB-YM,Colour assoc.,52,Y,,,
GPB-YM,Colour assoc.,53,N,,,
GPB-YM,Colour assoc.,54,N,,,
GPB-YM,Colour assoc.,55,N,,,
GPB-YM,Colour assoc.,56,Y,,,
GPB-YM,Colour assoc.,57,Y,,,
GPB-YM,Colour assoc.,58,Y,,,
GPB-YM,Colour assoc.,59,N,,,
GPB-YM,Colour assoc.,60,Y,,,
GPB-YM,Colour assoc.,61,Y,,,
GPB-YM,Colour assoc.,62,Y,,,
GPB-YM,Colour assoc.,63,Y,,,
GPB-YM,Colour assoc.,64,Y,,,
GPB-YM,Colour assoc.,65,N,,,
GPB-YM,Colour assoc.,66,Y,,,
GPB-YM,Colour assoc.,67,Y,,,
GPB-YM,Colour reversal,Probe,N,,,
GPB-YM,Colour reversal,1,N,,,
GPB-YM,Colour reversal,2,N,,,
GPB-YM,Colour reversal,3,N,,,
GPB-YM,Colour reversal,4,N,,,
GPB-YM,Colour reversal,5,N,,,
GPB-YM,Colour reversal,6,N,,,
GPB-YM,Colour reversal,7,N,,,
GPB-YM,Colour reversal,8,N,,,
GPB-YM,Colour reversal,9,N,,,
GPB-YM,Colour reversal,10,N,,,
GPB-YM,Colour reversal,11,N,,,
GPB-YM,Colour reversal,12,N,,,
GPB-YM,Colour reversal,13,N,,,
GPB-YM,Colour reversal,14,N,,,
GPB-YM,Colour reversal,15,N,,,
GPB-YM,Colour reversal,16,N,,,
GPB-YM,Colour reversal,17,N,,,
GPB-YM,Colour reversal,18,N,,,
GPB-YM,Colour reversal,19,N,,,
GPB-YM,Colour reversal,20,N,,,
GPB-YM,Colour reversal,21,N,,,
GPB-YM,Colour reversal,22,N,,,
GPB-YM,Colour reversal,23,N,,,
GPB-YM,Colour reversal,24,N,,,
GPB-YM,Colour reversal,25,N,,,
GPB-YM,Colour reversal,26,N,,,
GPB-YM,Colour reversal,27,N,,,
GPB-YM,Colour reversal,28,N,,,
GPB-YM,Colour reversal,29,N,,,
GPB-YM,Colour reversal,30,Y,,,
GPB-YM,Colour reversal,31,N,,,
GPB-YM,Colour reversal,32,N,,,
GPB-YM,Colour reversal,33,N,,,
GPB-YM,Colour reversal,34,N,,,
GPB-YM,Colour reversal,35,Y,,,
GPB-YM,Colour reversal,36,N,,,
GPB-YM,Colour reversal,37,N,,,
GPB-YM,Colour reversal,38,N,,,
GPB-YM,Colour reversal,39,N,,,
GPB-YM,Colour reversal,40,N,,,
GPB-YM,Colour reversal,41,N,,,
GPB-YM,Colour reversal,42,N,,,
GPB-YM,Colour reversal,43,N,,,
GPB-YM,Colour reversal,44,Y,,,
GPB-YM,Colour reversal,45,N,,,
GPB-YM,Colour reversal,46,N,,,
GPB-YM,Colour reversal,47,Y,,,
GPB-YM,Colour reversal,48,N,,,
GPB-YM,Colour reversal,49,N,,,
GPB-YM,Colour reversal,50,Y,,,
GPB-YM,Colour reversal,51,Y,,,
GPB-YM,Colour reversal,52,Y,,,
GPB-YM,Colour reversal,53,N,,,
GPB-YM,Colour reversal,54,Y,,,
GPB-YM,Colour reversal,55,N,,,
GPB-YM,Colour reversal,56,N,,,
GPB-YM,Colour reversal,57,Y,,,
GPB-YM,Colour reversal,58,Y,,,
GPB-YM,Colour reversal,59,Y,,,
GPB-YM,Colour reversal,60,N,,,
GPB-YM,Colour reversal,61,N,,,
GPB-YM,Colour reversal,62,Y,,,
GPB-YM,Colour reversal,63,Y,,,
GPB-YM,Colour reversal,64,Y,,,
GPB-YM,Colour reversal,65,N,,,
GPB-YM,Colour reversal,66,Y,,,
GPB-YM,Colour reversal,67,N,,,
GPB-YM,Colour reversal,68,Y,,,
GPB-YM,Colour reversal,69,Y,,,
GPB-YM,Colour reversal,70,Y,,,
GPB-YM,Colour reversal,71,Y,,,
GPB-YM,Colour reversal,72,Y,,,
GPB-YM,Colour reversal,73,Y,,,
WY-YM,Colour assoc.,Probe,Y,,,
WY-YM,Colour assoc.,1,N,,,
WY-YM,Colour assoc.,2,N,,,
WY-YM,Colour assoc.,3,N,,,
WY-YM,Colour assoc.,4,Y,,,
WY-YM,Colour assoc.,5,Y,,,
WY-YM,Colour assoc.,6,Y,,,
WY-YM,Colour assoc.,7,Y,,,
WY-YM,Colour assoc.,8,N,,,
WY-YM,Colour assoc.,9,Y,,,
WY-YM,Colour assoc.,10,Y,,,
WY-YM,Colour assoc.,11,Y,,,
WY-YM,Colour assoc.,12,Y,,,
WY-YM,Colour assoc.,13,Y,,,
WY-YM,Colour assoc.,14,Y,,,
WY-YM,Colour reversal,Probe,N,,,
WY-YM,Colour reversal,1,N,,,
WY-YM,Colour reversal,2,N,,,
WY-YM,Colour reversal,3,N,,,
WY-YM,Colour reversal,4,N,,,
WY-YM,Colour reversal,5,N,,,
WY-YM,Colour reversal,6,N,,,
WY-YM,Colour reversal,7,N,,,
WY-YM,Colour reversal,8,Y,,,
WY-YM,Colour reversal,9,N,,,
WY-YM,Colour reversal,10,Y,,,
WY-YM,Colour reversal,11,N,,,
WY-YM,Colour reversal,12,N,,,
WY-YM,Colour reversal,13,N,,,
WY-YM,Colour reversal,14,N,,,
WY-YM,Colour reversal,15,N,,,
WY-YM,Colour reversal,16,N,,,
WY-YM,Colour reversal,17,N,,,
WY-YM,Colour reversal,18,N,,,
WY-YM,Colour reversal,19,N,,,
WY-YM,Colour reversal,20,N,,,
WY-YM,Colour reversal,21,N,,,
WY-YM,Colour reversal,22,N,,,
WY-YM,Colour reversal,23,N,,,
WY-YM,Colour reversal,24,N,,,
WY-YM,Colour reversal,25,N,,,
WY-YM,Colour reversal,26,N,,,
WY-YM,Colour reversal,27,N,,,
WY-YM,Colour reversal,28,N,,,
WY-YM,Colour reversal,29,N,,,
WY-YM,Colour reversal,30,N,,,
WY-YM,Colour reversal,31,N,,,
WY-YM,Colour reversal,32,N,,,
WY-YM,Colour reversal,33,N,,,
WY-YM,Colour reversal,34,Y,,,
WY-YM,Colour reversal,35,N,,,
WY-YM,Colour reversal,36,N,,,
WY-YM,Colour reversal,37,Y,,,
WY-YM,Colour reversal,38,N,,,
WY-YM,Colour reversal,39,N,,,
WY-YM,Colour reversal,40,N,,,
WY-YM,Colour reversal,41,N,,,
WY-YM,Colour reversal,42,N,,,
WY-YM,Colour reversal,43,N,,,
WY-YM,Colour reversal,44,N,,,
WY-YM,Colour reversal,45,N,,,
WY-YM,Colour reversal,46,N,,,
WY-YM,Colour reversal,47,N,,,
WY-YM,Colour reversal,48,Y,,,
WY-YM,Colour reversal,49,Y,,,
WY-YM,Colour reversal,50,N,,,
WY-YM,Colour reversal,51,N,,,
WY-YM,Colour reversal,52,Y,,,
WY-YM,Colour reversal,53,Y,,,
WY-YM,Colour reversal,54,Y,,,
WY-YM,Colour reversal,55,Y,,,
WY-YM,Colour reversal,56,N,,,
WY-YM,Colour reversal,57,N,,,
WY-YM,Colour reversal,58,Y,,,
WY-YM,Colour reversal,59,Y,,,
WY-YM,Colour reversal,60,Y,,,
WY-YM,Colour reversal,61,Y,,,
WY-YM,Colour reversal,62,Y,,,
WY-YM,Colour reversal,63,N,,,
WY-YM,Colour reversal,64,Y,,,
WY-YM,Colour reversal,65,Y,,,
WY-YM,Colour reversal,66,Y,,,
WY-YM,Colour reversal,67,Y,,,
WY-YM,Colour reversal,68,Y,,,